FirstName,LastName,DateOfBirth,SSN,Address,Email,Country,Job,JobAddress,UserName,Password,PID
Brittney,Boyle,1990-04-10,948-73-6883,735 Walker Mews Suite 652,hmedina@gmail.com,Bangladesh,Designer multimedia,956 Cunningham Pike Apt. 090,cowanjill,2d2tDI4s!+,79184144
Bernard,Trevino,1976-06-05,901-77-1952,90235 Cowan Pine,marytownsend@gmail.com,Sri Lanka,Manufacturing engineer,18172 Welch Mills,wleon,^*)2Qc$6!#,92106345
Carol,Gibson,1995-05-04,936-88-2338,21801 Thompson Freeway Apt. 874,drodriguez@yahoo.com,Ireland,Archivist,31862 Claudia Valley Suite 576,mfrancis,XI34P#fm!#,22945686
Calvin,Sanchez,1980-03-28,923-70-6014,0920 Flores Crossing,amylarsen@gmail.com,Turks and Caicos Islands,Careers information officer,64152 Soto Prairie Suite 790,stephenmccarthy,5rL75IYw+@,12874415
John,Fleming,1971-03-31,934-81-8238,7816 Reyes Isle Apt. 327,michael40@warren-heath.net,Rwanda,Engineer maintenance,64175 Robert Well Apt. 187,davidpearson,^!OLFk*dH2,99638832
Amanda,Wagner,1974-06-19,915-83-3226,47522 Adams Divide,rjones@yahoo.com,Chad,Surveyor mining,56046 Miranda Loop Suite 020,carterkaren,v%L+x6fi4L,78486157
Jose,Robinson,1986-07-31,929-98-4430,565 Stone Trail Suite 379,markbates@gmail.com,Mozambique,Radiation protection practitioner,017 John Common,christopherfox,%_x9Xd+p)x,44186029
Richard,Harris,2000-02-25,984-77-0779,0289 Michael Row,elizabeth86@daniels.com,Mexico,Early years teacher,78983 Dunn Branch,veronica29,+U%j(M7w0_,73889144
Louis,Pace,1998-08-07,944-83-2428,1871 Dana Springs,robertscorey@norris-rodriguez.info,Cuba,Environmental consultant,75267 Hodges Burg Suite 968,davidmayer,L%0XonSk^C,56402483
Brandi,Lowery,2004-10-25,948-90-2914,25214 Curtis Wall,millerdonna@rogers-johnson.com,Cuba,Administrator local government,835 Adams Light Suite 831,rhodges,E!o^B2%sAF,80871873
Lisa,Potts,1993-05-18,968-94-3343,024 Tammy Port,lisa27@yahoo.com,Andorra,Toxicologist,7967 Stewart Island Apt. 327,darren51,#$h37iECVf,20814427
Meghan,Mcdonald,1992-08-10,953-92-9602,5747 Tyler Inlet Apt. 922,michelle66@hotmail.com,France,Visual merchandiser,333 Sheri Heights Apt. 885,suzanne95,meuDGa(f&8,39533531
Kyle,Simmons,1970-06-13,947-73-9203,12297 Brian Ramp Apt. 168,irwinjeffrey@dorsey-kramer.com,Falkland Islands (Malvinas),Planning and development surveyor,2609 Fox Cape,newmanamy,^923fZgs#X,40859897
Stephanie,Harris,2002-03-22,929-98-3310,6137 Sharon Common Apt. 994,christophermaxwell@peterson-rogers.biz,Reunion,Insurance broker,1578 Moore Valley,jamie66,v@52PHf59T,55155816
Steven,Fletcher,1981-03-08,958-90-2080,7644 Antonio Mill Apt. 691,mark42@ramos.com,Norway,Broadcast engineer,77928 Brian Hill,amandawilliams,z@c2Jfp&A$,93923569
Alicia,Williams,2005-11-29,983-97-2600,7691 Justin Prairie,cprice@abbott.info,Luxembourg,Network engineer,48544 Debra Plaza Apt. 204,zsullivan,ED2ExWt7@A,14555695
Jane,Rodriguez,1977-11-18,975-92-0422,4054 Sean Lake,bakermichael@yahoo.com,Bangladesh,Energy engineer,4159 Molly Knolls,fulleramanda,x_u1ZH#QBf,16744424
Mark,Jones,2006-07-06,970-81-6642,7796 Hamilton Course Suite 765,erik35@yahoo.com,Korea,Product/process development scientist,70683 Anderson Parkways,emilythompson,(G4FC!wk7(,03588512
Nathan,Ritter,1992-06-11,989-86-2372,2757 Wright Terrace Suite 959,ubrown@gmail.com,United Kingdom,Insurance risk surveyor,396 Ronnie Throughway,shayes,^)%6FmSSwU,52838033
Jenna,Robinson,1992-11-24,931-88-6313,99608 Winters Turnpike,flemingdawn@yahoo.com,Tuvalu,Health promotion specialist,33988 Bailey Brooks,mckayjames,(*)1UUf$cE,87028478
John,Hale,1997-09-02,922-85-0938,079 Mitchell Island,jose68@gmail.com,Israel,Programmer multimedia,917 Cody Drive,isabel66,^sG3Y%i)t$,51004149
William,Carroll,1999-05-15,958-99-6186,984 Diaz Knolls Suite 779,nicolesmith@gmail.com,Singapore,Chief Technology Officer,4307 Daniel Islands Apt. 343,thomas35,81(PfHBD$7,50436187
Daniel,Ball,2000-08-12,926-98-1274,00043 Andre Square,woodsbradley@oliver.com,Saint Helena,Engineer electrical,18921 Tapia Crest Suite 847,howellsarah,G@p+*+0o5B,49642667
Todd,Salas,2003-04-18,958-78-1817,260 Jones Creek,rrobertson@delgado.net,Chad,Veterinary surgeon,87763 Cooper Village,udowns,b&8Mo(QH(R,69086670
Alexander,Burke,2002-10-20,961-94-5132,8125 Brown Spurs,ystevens@snyder-harris.com,Brazil,Photographer,41986 Vasquez Turnpike Apt. 372,crosscory,7koE&rq))0,73055204
Sarah,Mcknight,1995-12-30,917-78-6112,7062 Jillian Plaza Apt. 742,david16@yahoo.com,Argentina,Clinical cytogeneticist,125 Ernest Canyon,hrivers,55WBMC(j+Q,43840816
Ann,Long,1979-10-05,910-90-2205,433 Natalie Wall Apt. 951,sandragross@edwards.org,Namibia,Politician's assistant,31387 Teresa Mount Suite 068,angelabaldwin,+7+X#Rlo+5,63745603
Ashley,Maddox,2000-03-07,959-73-1907,8921 Cindy Plains Suite 806,emily60@gmail.com,Germany,Conservator museum/gallery,64403 Elizabeth Rest,vcannon,&Tizy6Iz%&,46908858
Hunter,Rhodes,2001-09-14,925-80-3637,4206 Ashley Hollow,perryjulie@roberts.com,Panama,Scientist audiological,49049 Betty Stravenue,navarroamy,%b8s^OJl_!,90076565
Angel,Coleman,1973-03-31,970-96-2913,71204 Martin Pass,jhood@duncan.net,Botswana,Conference centre manager,3931 Escobar Stravenue Suite 310,acantu,+l!Ro#D$3K,85513129
Nicole,Martinez,2000-08-04,917-79-1086,046 Phillips Estate Apt. 146,andrademichelle@yahoo.com,Indonesia,Proofreader,8945 Boone Highway Apt. 110,christopheroneill,(J3SeY%0dt,01849615
Jason,Ortiz,1994-01-14,933-98-7212,2992 Taylor Dale Apt. 690,wbrown@yahoo.com,Spain,Ranger/warden,396 Hernandez Knolls Suite 372,welchvictoria,yhj3wjBcr^,33750439
Christopher,Morris,1991-11-27,908-81-9372,99957 Thomas Walk,weekslisa@hernandez.com,Lesotho,Fitness centre manager,20823 Esparza Radial,levineapril,(y0pSa1qHn,27071236
Katherine,Le,1995-10-21,993-88-8129,436 Tamara Gateway Suite 392,jonesamanda@banks.net,Russian Federation,Nurse learning disability,640 Robert Glen Apt. 336,frenchjennifer,b#9bXrk@y*,54927155
Amy,Mcclure,1977-03-23,918-77-8746,541 Christine Stream Suite 781,devin69@edwards.info,Georgia,Geophysicist/field seismologist,64039 Fernandez Ridge Suite 117,jeremy08,(6*6gRa9e),51170769
Candice,Bailey,2005-02-07,981-71-2690,3375 Mckee Knoll Suite 504,navarroanthony@gmail.com,Tonga,Audiological scientist,519 Stanley Port,jenniferhale,^s&8LeruUq,19056272
Nicholas,Schmidt,1978-01-30,991-77-5299,5044 Jesus Walks,lucas98@yahoo.com,Saudi Arabia,Retail manager,540 Alvarado Well,shawelizabeth,LTJ!D2McII,67277513
Cheyenne,Brown,1989-12-24,986-76-9696,1115 Kimberly Junctions,pwyatt@gmail.com,Croatia,Academic librarian,621 Kemp Cliffs Suite 259,vblack,)T3Zhciz%r,76871146
Tammy,Mcguire,1971-09-26,941-79-6091,944 Justin Spring,thardy@hotmail.com,Iran,Archaeologist,5602 Harris Ferry,fowens,@u9kIZK243,95175287
Travis,Snow,1986-02-19,924-82-2196,35133 Robert Stream,andrewwhite@yahoo.com,Mexico,Publishing rights manager,82565 Moore Grove Suite 755,patrick83,@3CsE+B%1k,72978887
Michael,Castro,1987-02-07,910-76-2252,57232 Felicia Pines Apt. 259,smithmichael@hotmail.com,Luxembourg,Chartered public finance accountant,6259 Hannah Road Suite 809,charlesmartin,n1Tyt8x3!v,77016041
Stacy,Morales,1990-03-22,969-81-4880,17491 Jessica Keys,seandrake@hotmail.com,Saint Vincent and the Grenadines,Interior and spatial designer,4211 Diana Pine Suite 954,jwright,k!$1Z3Jd2h,72621271
Brenda,Thomas,1984-02-21,908-91-8136,701 Tucker Ferry Suite 360,robertmerritt@hotmail.com,Malta,Marine scientist,335 George Park,carrierivera,^5HS+0v&2Y,65729403
Teresa,Dominguez,1978-10-27,928-95-8639,938 Justin Meadows,livingstonpaul@brown.com,Congo,Web designer,94981 Griffith Heights Apt. 150,tarahamilton,(E2&s6#vd^,52426995
Katrina,Fuller,2003-01-19,954-92-7250,139 Allen Locks,jeffreyhernandez@molina-roth.info,Togo,Social research officer government,381 Rhodes Springs,christian31,!8Br+(b2gR,94826371
Charlotte,Ayala,1987-10-02,922-97-0737,359 Alvarez Skyway,emilyflores@huerta.com,Micronesia,Immigration officer,939 Newton Port Suite 349,hclay,re+2JD#lSa,13508883
Joseph,Shepherd,2000-05-02,954-77-1476,62075 Peterson Manors Apt. 707,sherry88@allen.com,Norfolk Island,Psychologist occupational,30149 Andrea Trail Suite 291,amandamartinez,^1SaHJPn*R,09092525
Miranda,Pierce,1974-03-06,917-98-3050,21470 Willis View Suite 528,wisemichael@jones.biz,Jordan,Psychologist educational,93534 Thomas Trail Suite 377,chad52,a(@bSUWj%6,39644367
Jennifer,George,1987-09-15,956-94-0487,32930 Huff Park,hshepherd@franklin.com,Saint Helena,Magazine journalist,2487 Marissa Square,paul42,BS1W2WSiF$,37728830
Jose,James,2005-05-25,908-87-6920,147 Kennedy Avenue,alexander65@yahoo.com,Egypt,Therapist music,62791 White Fords Suite 899,timothy63,T36RBjZd+B,42013167
Phillip,Smith,1975-05-08,927-87-3266,21730 Vaughan Mission Apt. 260,carolinehouston@ward.net,Nicaragua,Optician dispensing,0302 Thomas Islands Apt. 880,hernandezchristopher,^3RK7!nFAK,59687276
Natalie,Galloway,1972-02-03,958-92-1200,8561 Lee Plaza Apt. 670,phelpslucas@russell.org,Indonesia,Surveyor building control,577 Rodriguez Harbors,alyssa01,69pBTxBw$V,79477604
Hunter,Lester,2005-11-05,950-95-4852,9472 Ward Lights,williamsian@ware-beck.biz,Swaziland,Social research officer government,8843 Briana Corner,xcarter,oiYi)8PzA3,15788337
Grant,Sanchez,2002-03-03,927-79-5536,782 Sheppard Way Apt. 055,beckamber@pace.com,Liberia,Private music teacher,6005 Robinson Centers Apt. 996,nancyparker,7veJ%kKf_0,17887335
Thomas,Kelly,1984-01-28,996-73-5890,2944 John Forest,wumark@yahoo.com,Zimbabwe,Engineer agricultural,86372 Martinez Rapid Apt. 509,margaret96,rE2LCW0e!),01078824
Tracy,Swanson,1993-05-25,937-90-9558,821 Mcgrath Plaza,rodriguezdaniel@jordan.info,Sierra Leone,Operations geologist,073 Ivan Drives Suite 262,latoya49,bpXNLdXn^5,30297739
Christopher,Caldwell,1987-07-20,964-80-6807,01100 Dixon Shores Apt. 960,woodheather@hotmail.com,Serbia,Writer,281 Melissa Rapid Suite 984,heidiglover,0hHjGSPg(s,23290068
Jeffrey,Hooper,1970-07-20,974-81-1641,8977 April Square,smithbrandon@young.net,Liberia,Production engineer,52475 Randall Cliff,powersmelissa,O7_1uCHmK_,80364115
Julie,Young,1990-12-25,938-76-0327,5179 Abigail Ridge,sara34@hotmail.com,Belgium,Quality manager,4607 Olson Mews,gallagheramy,(f4JPaDkU2,05824700
Ashley,Perez,1984-09-25,965-78-2011,22466 Joy Avenue,jduran@richardson.biz,Tonga,Homeopath,1861 Anthony Drive Apt. 287,cirwin,jY_0QXwU*u,86944663
Michael,Cain,2004-06-23,919-72-9415,7951 John Isle Apt. 778,bparks@gmail.com,Spain,Network engineer,884 Rodgers Inlet Suite 357,melissa95,#9L9j6(q^Q,69639463
Janet,Mack,1983-08-24,997-85-9576,443 Wilson Harbor,theresabarrera@mckee-gray.com,Tanzania,Medical laboratory scientific officer,03632 Lance Mission,vanessaturner,w3AKsjv9!&,06393649
John,Kelley,1981-10-29,963-84-2773,28889 Carlson Path,fordjohn@smith.com,Panama,Web designer,3904 Jackson Unions,gramos,BP+7kby8q*,04265412
Gregory,Rosario,1999-06-25,954-90-4915,78405 Trujillo Expressway,wbaker@barr.com,Slovakia (Slovak Republic),Arts administrator,4211 Amber Isle,benjamin95,rEzNuCpp&3,54950566
Ronald,Chavez,1991-02-11,973-75-6750,50741 Hernandez Flat,christinetaylor@estrada-lane.com,Maldives,Copywriter advertising,93017 Connor Estate,browntiffany,S$PqC3YdTy,38870620
Tyler,Brooks,1984-12-19,937-94-1192,4795 Nelson Spurs Suite 940,andradesherry@baird.com,Iran,Transport planner,12277 Lam Lock Suite 522,anthony10,5lIvTdZr_5,53657831
Maria,Massey,1977-09-29,949-83-2390,77297 Sutton Course,michaelbrown@maxwell.com,Mauritania,Politician's assistant,1145 Shelby View,julie92,eTSOn25mQ!,81481545
John,Torres,1998-05-16,906-79-9479,90853 Wolfe Heights,emilymorales@henderson-hill.biz,Lesotho,Surgeon,48227 Elizabeth Locks Suite 178,jerry06,&LPb8ZIb2j,25629514
Julia,Carpenter,1975-05-07,996-84-8807,469 Mitchell Gardens Suite 782,nicole68@gmail.com,Micronesia,Dealer,6270 Mckay Plains Suite 054,johngentry,Tt5VrBa9A$,06433024
David,Bradshaw,1990-12-18,942-86-7284,8289 Jackson Springs Apt. 941,douglas64@romero-snow.com,Cayman Islands,Publishing copy,1538 Richard Union Apt. 698,sophia37,$FafzUt@a6,58338001
Teresa,Boyle,1980-05-01,919-87-3143,35340 Barron Manors,greenjuan@li.com,Guernsey,Scientist research (maths),24340 Snow Turnpike,tyler09,30QObErp_3,46032904
Carlos,Lozano,1971-07-16,925-87-7863,703 Harper Greens,josebell@avery.com,Nepal,Cabin crew,9313 Palmer Forest Suite 769,wrice,+4Emy&Ym&J,44181581
Kimberly,Miller,1991-07-11,994-91-6235,514 Fisher View,davisteresa@jones.biz,El Salvador,Surveyor rural practice,32247 Burke Overpass Apt. 190,mccormickaudrey,r3OFG#VG^0,10554180
Kristopher,Scott,1989-08-30,910-76-5141,23423 Barber Trail Apt. 838,buckleyconnor@cardenas-werner.com,Holy See (Vatican City State),Travel agency manager,82911 Harris Gateway Apt. 956,kristen80,*!eRp@bY#2,32000856
Carlos,Patterson,1978-03-17,966-79-7560,8989 Payne Lake Suite 962,blevinseric@romero.com,United Arab Emirates,Copy,39457 Burns Passage Suite 921,flindsey,Lr##%4Sa%d,46216342
Samuel,Patton,1985-08-11,930-75-0988,958 Delacruz Street,barbararodriguez@erickson.com,French Guiana,Regulatory affairs officer,696 Rachel Avenue,barbarasanchez,KVsQvxTw!5,54646223
Alexis,Randolph,2002-07-28,900-84-9797,384 Garrett Locks Apt. 600,yhouston@lee-jackson.com,Philippines,Amenity horticulturist,1240 Walls Fork Apt. 533,cindymorgan,)D43H+vy9A,91098542
Christian,Gilmore,2004-12-20,983-81-5696,458 Ferguson Roads,victoria42@rogers-nguyen.info,Venezuela,Sub,779 Paul Harbor,mnicholson,pB%u2DnfYx,33999463
Kevin,Larson,1973-10-15,952-95-1632,48402 Miller Mill Apt. 106,nthomas@yahoo.com,Liechtenstein,Tourist information centre manager,216 Hamilton Rapids Suite 039,brittany07,eG6yYtEk%n,70899818
Warren,Vaughn,2005-08-10,902-87-7452,892 Lopez Curve,scottbrown@yahoo.com,Antigua and Barbuda,Radiographer diagnostic,2406 Carlos Fords,kellybuchanan,^88O@Joa4p,34336458
Veronica,Erickson,1986-07-30,986-95-1968,187 Garcia View Apt. 422,jochambers@tucker.com,Cook Islands,Geoscientist,1533 Nicole River,danielle09,mp0MV2bD_6,61183919
Tanya,Booth,1988-06-21,966-96-4302,411 Perkins Springs Apt. 474,barbara10@gmail.com,Egypt,Herbalist,1816 Ryan Lodge,melissajones,j!40hYGhxP,88913216
Dustin,James,1984-11-07,923-78-9877,622 Bailey Estates Apt. 833,spollard@murray-stanley.com,Kiribati,Nurse mental health,97262 Young Flats,moorestephanie,z4OfAQH1_G,11188568
Michael,Bowen,1975-01-23,969-83-4949,2917 Richard Tunnel Apt. 128,alanjohnson@taylor.com,United Kingdom,Merchandiser retail,912 Michael Haven,pamela55,@)ZJ7oni8H,06280888
Olivia,Woods,1995-08-29,905-81-6838,78608 Brian Harbor,rmathis@vasquez.com,France,Therapist art,14570 Justin Drive Apt. 861,hscott,^7Dg(Kd4(m,24283625
Joseph,Johnson,1971-03-13,986-85-0132,6131 David Spur,wilkersonherbert@gmail.com,Saint Kitts and Nevis,Therapist speech and language,6668 Clark Harbors Suite 235,umontgomery,LM373VFd!V,74410262
Paula,Ford,1989-09-21,999-97-2976,4600 Jorge Crescent,lbailey@johnson.com,Romania,Mental health nurse,2149 Tyler Estate,arroyowendy,6&sD8uNKmg,39317544
April,Dominguez,1987-06-06,988-78-8501,366 Rodney Divide,johnsonjoseph@collier.biz,Dominican Republic,Health and safety inspector,6227 Michael Lodge Suite 358,omiller,$@dB20oi#3,58834206
Drew,Flores,1999-05-07,943-91-9640,71849 Alexander Skyway Apt. 610,harrispatricia@yahoo.com,Equatorial Guinea,Speech and language therapist,31158 Barton Rest,nmorris,(!u7R$Up8X,86749152
Rachael,Ho,2004-09-10,985-94-5467,41893 Meyer Ridges,rebecca13@gmail.com,Greenland,Engineer communications,081 Wells Ville Apt. 271,debramarsh,+N^5E#dLI9,92058347
Andrew,Robinson,1980-06-23,993-95-1611,014 Hannah Ways,cruzrichard@gmail.com,Palau,Radiographer diagnostic,329 Sims Corner,crodriguez,zjr@5xGp(#,80758761
Joseph,Charles,1975-12-29,912-75-7640,3565 White Ford,smithscott@gmail.com,Rwanda,Engineer materials,24450 Matthew Grove,morenowilliam,h!94uON!Zc,47944152
Adam,Martinez,2001-03-12,998-98-5856,06406 Callahan Trace Suite 037,patricia60@gray-walters.com,France,Best boy,37253 Weaver Squares,perrymarc,+9FS_i%o$C,51442248
Adrian,Fisher,1976-12-16,973-82-6764,9246 Lisa Haven Apt. 550,irussell@gmail.com,Brunei Darussalam,Clinical scientist histocompatibility and immunogenetics,003 Guerrero Islands,vvazquez,(RHZWn0f4g,48636209
George,Taylor,1983-10-06,985-72-4272,82548 Chung Land Apt. 704,whiteian@carpenter.com,New Caledonia,Barrister,1008 Griffin Mountain Suite 957,amandagarcia,H!0Z#Ah9Pf,25983944
Christina,Rice,1979-11-15,977-83-6723,2764 Jones Centers Apt. 039,wendy03@ward.net,Argentina,Buyer industrial,862 David View,brandonmorgan,q*5MPHozIC,26608044
John,Myers,1997-10-19,926-79-3995,1134 Nelson Heights,pamela43@gmail.com,Kazakhstan,Insurance account manager,453 Peggy Parks,john26,()d1^IAl7Z,84512901
Nicole,Norton,1987-09-18,922-72-2742,0950 Watkins Spurs,samueldavis@yahoo.com,Tokelau,Archaeologist,44839 Timothy Bypass,taylorjesus,yGG71H*a8&,64941905
Victoria,Miller,2004-02-28,932-99-0653,6058 Melanie Loop,ryanwelch@harrison.com,Djibouti,Emergency planning/management officer,72641 Payne Pine,heathergarcia,2^0Gqv9aVA,11384465
Lori,Berry,2008-05-11,919-73-0836,5648 Johnson Coves Apt. 995,denisedorsey@miranda.org,Colombia,Engineer structural,32049 Dennis Mews,pamela06,k!7U7ja7Ff,49362350
Jacob,Reed,1988-10-23,977-97-2953,459 Joseph Flats,kingrebecca@harris-smith.com,Saint Helena,Surveyor hydrographic,2596 Mason View,santosbryce,Fvb%7TMvml,95094984
Brandy,Johnson,1973-01-17,946-87-7288,7146 Mullins Isle,sonyaharding@gmail.com,Tonga,Engineer drilling,65976 Michael Stravenue Apt. 535,benderjasmine,1x*R@kk@*9,84094773
Sherry,Morales,2000-03-12,949-90-2195,526 Andrea Locks Apt. 519,andrew61@richards.com,Cocos (Keeling) Islands,Marine scientist,5312 Ortiz Walks,alejandrafleming,!8Vm*aU4NG,80160182
Andrew,Frederick,2006-10-12,928-74-0454,24082 Alicia Spurs Apt. 705,dwilson@butler-fitzgerald.com,Kuwait,Warden/ranger,50234 Amy Forks Suite 538,samuel00,)Fj4ZNd8b5,32769012
Susan,Jones,1976-06-12,947-82-0495,55058 Vargas Grove Suite 455,jamesburke@hotmail.com,Honduras,Chief Technology Officer,47342 Mckenzie Oval,alexandercross,ji$OhOa3#3,23244979
Monique,Kennedy,1986-11-20,935-90-3676,86993 Barton Vista,smiller@landry-brock.info,Saudi Arabia,Scientist marine,9143 Vang Haven,millsrichard,$24SKPiegA,51674960
Walter,Robbins,1970-06-07,926-71-9016,4827 Marie Junction Apt. 392,billygarcia@gmail.com,Saint Lucia,Freight forwarder,50126 Williams Plaza Apt. 333,jeffrey08,5ctXBb#8&1,15881885
Shelley,Ramos,1992-11-16,963-90-9523,36014 Hernandez Roads Suite 591,michaelflores@hotmail.com,Macao,Programme researcher broadcasting/film/video,5575 Debra Throughway Apt. 221,marie51,NRD+Bo%V^3,61778252
Christopher,Kerr,1989-02-17,922-70-7793,86774 Stone Manors Suite 311,farrellvincent@yahoo.com,Kyrgyz Republic,Media planner,159 Ellis Glens Apt. 442,tonya42,_tyj9CFz#_,96415467
Nathaniel,White,1983-07-20,911-83-9418,69050 Guerra Ville Suite 089,nicole21@anthony-lang.biz,Svalbard & Jan Mayen Islands,Secretary company,2643 Eric Fort,blewis,sn73yRBm+&,38145568
Rodney,Williams,1980-12-15,953-92-7798,89542 Lisa Junctions Suite 060,travis55@hotmail.com,Honduras,Horticulturist commercial,25312 Jesse Ville Apt. 784,knightparker,)l3aqVZkK0,50622757
Gregory,Roberts,2000-02-01,997-97-7704,9509 Martinez Stravenue Suite 783,phammatthew@carrillo.com,Afghanistan,Accountant chartered,86806 Phillip Field,charles26,(RL8LadxLn,02791166
Daniel,Smith,1971-04-16,944-94-3146,56951 Perez Divide,gadkins@yahoo.com,Guam,Barrister's clerk,9360 Cooper Grove Suite 101,stephanie49,3vRktw6(!l,70336566
Misty,Drake,1972-12-28,907-76-6558,5545 Lisa Village,shawngreen@hotmail.com,Spain,Forensic scientist,46212 West Squares Apt. 738,richardlarson,_0Ckw!8@07,96887790
Richard,Johnson,2001-04-24,977-96-6897,3737 John Club,gmurphy@yahoo.com,Slovakia (Slovak Republic),Exercise physiologist,468 Webb Square Apt. 636,colekelly,*g(05NUiWQ,27320198
Mitchell,Nelson,1971-11-13,923-73-9232,0913 Myers Harbors,clarkalex@yahoo.com,Niue,Broadcast presenter,5793 Alexis Lock,lewisemily,N*87Ehwz!n,96474068
Jonathan,Hartman,2007-04-10,970-73-5041,266 Williams Manors,nfrancis@robinson.com,Pakistan,Exercise physiologist,05137 Cathy Street Apt. 753,jayreed,U!6)Fyea_l,97793601
Makayla,Gonzalez,2007-08-23,929-97-3728,70846 James Trail Suite 024,dcrawford@gmail.com,Ireland,Teacher special educational needs,765 Coleman Route Apt. 870,hopkinsemily,*l^XKp$B8),76655678
Shane,Terry,1972-12-06,932-86-7630,2700 Derek Dam,joannethomas@hotmail.com,Korea,Government social research officer,18954 Katherine Turnpike,rachellee,w4PqUyj5$+,42396758
Jeff,Scott,2002-12-27,993-91-9437,1261 Lewis Common Suite 510,sarah41@hotmail.com,Timor-Leste,Corporate investment banker,84405 Tracey Valleys Suite 182,bartonkelsey,@uPO%1@KX7,73680345
Lori,Myers,1981-10-09,904-85-5343,0586 Rebecca Union,amandajones@hotmail.com,Saudi Arabia,Research officer trade union,95471 Johnson Knolls,ycook,6Pp*9NxX$5,05713806
Timothy,Bray,1997-01-20,917-76-9346,82268 Amber Creek Apt. 929,abowen@pearson.com,Gambia,Accountant chartered management,840 Nicole Extensions Suite 245,sawyeralexandra,*1lGuQYx#9,86730211
Emily,Gordon,1977-08-03,988-70-4172,79016 Parker Plains,zpacheco@taylor.com,Solomon Islands,Surveyor hydrographic,644 William Track Apt. 209,joanna62,!_F0_FBhLM,81566341
Eric,Parsons,1994-12-14,971-82-8071,63446 Butler Square,dfoley@drake.com,Slovakia (Slovak Republic),Radiographer diagnostic,2049 Coleman Walks Suite 182,pamelahamilton,4&4kF%m&Lo,80721406
Phillip,King,2007-05-24,986-94-9215,068 Thomas Landing Suite 093,uclark@hotmail.com,Solomon Islands,Pharmacologist,7812 Stacie Spur Suite 859,zduncan,j@^+8NCu3O,89536650
Brian,Nguyen,2004-08-18,968-86-7299,168 David Freeway Apt. 810,williamsrobert@gmail.com,Burundi,Air broker,158 Wilson Fall Apt. 889,jonestammy,M^3BZvFH65,52739972
Theresa,Gutierrez,1985-04-07,964-94-2510,3678 Sabrina Loaf,fallison@ortiz.com,Austria,Medical physicist,69911 Alexander Summit Suite 369,wmata,%e$M8aDt%5,20116088
April,Brown,1997-03-10,985-83-5634,5875 Rachel Village Apt. 147,zacosta@yahoo.com,Libyan Arab Jamahiriya,Scientist water quality,475 Dana Flat,courtney65,K)XSVnYg@4,65031179
Lisa,Banks,1997-06-21,958-78-1290,532 Charles Mountain Suite 273,darren67@garcia.com,Ghana,Herpetologist,003 Young Mission Suite 315,ynguyen,*0VDY+Ij0p,68113445
David,Haynes,1972-05-21,938-71-0718,993 Phillips Streets,lharris@gmail.com,Belgium,Armed forces training and education officer,643 Jenna Fork Apt. 949,sheri08,8qU@jQD&_r,13687847
Alyssa,Smith,1991-11-28,989-81-2639,4200 Angela Viaduct,csanchez@gmail.com,Cyprus,Newspaper journalist,48555 Rhodes Burg Suite 381,ljohnson,(%3AC8w^5M,80578161
Maria,Hunter,1999-11-15,919-90-7583,01678 Catherine Path Suite 772,carrilloregina@miles.com,Gambia,Ecologist,375 Whitney Fork Suite 521,valeriesmith,9(3B^knsNX,60130495
Christine,Smith,1975-04-24,971-98-1112,981 Sharon Canyon,stephenhenry@bond.com,Cote d'Ivoire,Ophthalmologist,2335 Brian Garden,edwardsgabriel,bZ9VKYZoy),66306931
Judith,Brown,1994-07-02,961-81-4369,74300 Bailey Corner,zwilliams@coleman.com,Cayman Islands,Museum/gallery conservator,9184 Campbell Skyway,jeremy77,+xCQljM@7j,16425132
Nichole,Davis,1996-02-23,918-98-5538,05736 Jones Freeway,piercejody@yahoo.com,Togo,Insurance risk surveyor,420 Ross Park Apt. 835,ujones,v!U2dZFsqE,34747483
Daniel,Wright,1988-12-15,980-88-0446,68685 Dunn Burgs,jerome31@pugh.net,Pitcairn Islands,Orthoptist,905 Hall Keys Apt. 874,kortiz,00oAWwkF)3,60528988
Tracey,Norton,1981-11-08,991-70-3116,95088 Obrien Landing Apt. 075,richardsonpatrick@robinson.com,Brunei Darussalam,Sport and exercise psychologist,757 Ashley Cove Apt. 830,efischer,$F0N^etFN0,60853097
Stacey,Bennett,1980-01-20,962-73-7015,0824 Ross Trace,rebecca05@gmail.com,Martinique,Tourism officer,305 Janet Fall Suite 721,morgankenneth,Skf11KEhX&,17208550
Angela,Blair,1986-03-09,964-84-9227,08577 Long Forge Apt. 362,jennifer00@hotmail.com,Saudi Arabia,Music tutor,884 Turner Trafficway,brandtshannon,rZQs9vHv@5,04952688
Wendy,Rodriguez,1970-12-13,945-71-5069,585 Walton Ridge,jordanjeffrey@wood.com,Belarus,Information systems manager,18295 Ruiz Mission Suite 577,sarahrodriguez,c0WWzgXS)U,00126038
Andrew,Williams,1997-01-08,911-83-2313,88011 Miller Ports,gabrielle27@gmail.com,China,Administrator sports,001 Lewis Mountain,ogoodwin,ON1G@eV87^,80278368
Keith,Campbell,1992-09-27,967-84-7975,2417 Gilbert Drive Suite 815,steven83@collier-guzman.org,Turkmenistan,Therapist sports,062 Lawrence Courts,lmorris,Y%6BXiE&@s,92292833
Patrick,Wheeler,1991-03-24,973-84-2410,03982 Jones Mission Apt. 434,lbeard@gmail.com,Brunei Darussalam,Civil engineer contracting,1517 Mary Ways Apt. 143,russell01,1XSIub3))T,82332037
Lisa,Price,1986-10-07,984-84-8066,40243 Donald Coves Suite 017,eramirez@hotmail.com,Togo,Government social research officer,8098 Amy Lights Apt. 693,perryamanda,XGT$0vZM^8,92393110
Hannah,Preston,1992-11-17,908-75-4772,374 Rogers Summit,laura24@cervantes-ortiz.com,Afghanistan,Operational researcher,14260 Clark Camp Apt. 304,daniel40,v#vZ25TFul,24898164
Benjamin,Nichols,1988-09-26,909-91-5666,042 Perez Meadow Apt. 372,victoriagilbert@yates.com,Malawi,Dance movement psychotherapist,48447 Casey Hollow,robertsricky,hk^3yUbUx*,21595417
Susan,Banks,2004-08-10,958-90-5386,661 Williams Squares Suite 019,carolynkerr@ward-ferguson.org,United Kingdom,Public affairs consultant,213 Rivera Passage,rachel38,Q9M7@zwk@t,20045104
Jose,Kennedy,1988-10-31,950-90-8157,002 Banks Throughway,matthewsnoah@yahoo.com,Jamaica,Industrial/product designer,02991 Sharon Unions,terriwalters,+)Cp2+edS3,72871515
Rhonda,Jones,1975-06-28,968-77-4025,6867 Ramirez Estate Apt. 885,kelsey51@gmail.com,Reunion,Private music teacher,1881 Susan Hill Apt. 445,james09,#CNiHXd638,00570435
Emily,Kirby,1988-12-26,920-97-2910,453 Brittany Ramp,tracy00@cooper.net,British Virgin Islands,Multimedia specialist,81624 Marquez Trafficway,anthony80,U^9&TXg)qo,63763157
Cynthia,Gonzalez,1988-11-13,981-95-7081,69733 Patty Green,gavin33@gmail.com,Uruguay,Chief Financial Officer,1397 Aguirre Motorway,gmartin,&1cxsZ)hte,16059979
Charles,Blevins,1974-09-14,969-85-4680,795 Catherine Harbor Apt. 627,hartjohn@yahoo.com,Belarus,Systems analyst,036 Elliott Plains Apt. 717,jeremy43,5Qk6CE*t)6,22639868
Susan,Murphy,1984-07-09,929-78-6786,959 Jennifer View Apt. 203,bmcgrath@payne.com,Timor-Leste,Ambulance person,04318 Chelsea Shoal Suite 364,blankenshipricky,5mTI6t9c^Q,31577977
Michael,Bauer,2004-03-29,952-86-0390,58097 Eric Fort,cowanmelissa@yahoo.com,Western Sahara,Hydrologist,29631 Michael Centers Apt. 571,nhoward,)2LU6vvr*X,64563602
Jennifer,Munoz,1970-05-31,906-91-0866,342 Michelle Locks,lhernandez@yahoo.com,Mauritania,Engineer maintenance (IT),7621 Mark Brooks,hammondmary,7s8cFHbP$i,68418830
April,Wilson,2004-07-09,918-77-1743,520 Flores Ville Apt. 470,eric60@hale.com,Russian Federation,Meteorologist,79789 Gould Turnpike Apt. 262,sdavenport,&1E3CGv8_V,75428693
Susan,Lewis,1975-08-13,970-86-4584,1519 Jordan Pass,vherring@hotmail.com,Lithuania,Scientist product/process development,938 Jessica Mountains Suite 986,garrisongregory,N*3ZjGvR+u,78593947
Patricia,Sandoval,1988-06-02,995-96-3018,825 Chapman Manor Suite 543,robertsdavid@yahoo.com,Portugal,Pilot airline,6650 Matthew Extensions Suite 601,markwatson,+u*mG0Zz%U,45258343
Elizabeth,Osborn,2008-05-11,900-70-8543,139 House Gardens Apt. 481,rebecca22@kim.com,Gambia,Public affairs consultant,4220 Lisa Lake,richardschmidt,@09oTrlImW,55045452
Cheryl,Scott,1972-09-27,927-76-7334,860 Julie Shoal Apt. 660,rossmargaret@hill-peters.com,Latvia,Multimedia programmer,228 Peterson Walks Suite 943,amy17,B%Yaw)pp#0,07817762
Nathaniel,Meyers,1982-02-25,956-71-1525,19924 Brenda Orchard,lindabond@daniels.com,Japan,Scientist research (medical),519 Holly Island,lfitzgerald,l5FA3Fwz+K,39483638
Seth,Rivera,1983-03-19,902-85-4913,30241 Davila Stream Apt. 107,fitzgeraldanne@greene.info,Chad,Barrister's clerk,357 Devon Rue Suite 736,zmeyer,v1^@tNQ6+Y,53531117
Nathan,Mendoza,1993-01-29,963-80-8502,2601 Holt Orchard,meganstephenson@flores-rice.com,Cape Verde,Quarry manager,520 Paige Run,joshua39,$2qEcLpkaH,04087380
Michele,Bray,1995-10-06,939-78-0235,194 Leslie Road Apt. 819,mccarthyjeffrey@hotmail.com,Bhutan,Administrator Civil Service,192 Savannah Hollow Apt. 815,shawsheri,PF$i91FkQr,18687750
Veronica,Avila,1976-10-25,985-94-8477,424 Fowler Canyon Suite 611,ejefferson@shaffer.biz,Svalbard & Jan Mayen Islands,Primary school teacher,0767 Shelby Cove Suite 283,obrown,##qiB1Dws0,92306950
Jacob,Orozco,1981-09-29,967-74-3190,8609 Jennifer Trail Apt. 033,fsmith@gmail.com,Congo,Engineer mining,737 Thomas Isle Apt. 084,theresaramsey,@38Erl$Sx!,78118706
Shelly,Valencia,1975-07-09,957-70-5514,3189 Larson Pines Suite 912,shahjessica@hotmail.com,Saint Helena,Research scientist (medical),59239 Justin Road Apt. 271,aliciahayes,2K_kmaMy&2,35046509
Kevin,Dominguez,1980-09-17,931-96-6563,172 Gary Streets Suite 531,monica93@gmail.com,Zambia,Therapist drama,5203 Henderson Inlet Apt. 923,stricklanddanielle,9qIDS%gz&9,91552174
Marcus,Howell,1987-10-30,953-95-4521,435 Keith Points Apt. 796,crystal98@anderson-moore.info,Turks and Caicos Islands,Visual merchandiser,0467 Jones Junctions Apt. 872,jerrygarza,Kuh)9RuC*9,58694398
Patricia,Simpson,1998-05-14,965-76-7049,5896 Jennifer Plain Suite 039,richard57@hotmail.com,Greece,Furniture designer,02254 Cheryl Spring Apt. 404,jacqueline41,g5dSbfsV&+,63614237
William,Hall,1974-05-19,991-77-9436,7478 Julie Meadows Apt. 074,ryan33@gmail.com,Falkland Islands (Malvinas),Therapist horticultural,7502 Mark Junctions,anitaserrano,!0Mi8ifJ11,47680180
Kerri,Henderson,1989-07-18,964-98-5270,5723 Mccullough Springs,russelloliver@yahoo.com,Bermuda,Financial adviser,35579 Burton Shoal,mrichards,%*FQ(qr5w4,77396921
Thomas,Suarez,1988-01-06,981-95-8944,68326 Douglas Station,zthomas@yahoo.com,Lao People's Democratic Republic,Meteorologist,33414 Mitchell Ferry Suite 088,monica15,N7PL)nzk$L,25639445
Erin,Patterson,1980-04-23,927-87-5750,2768 Benson Stream Apt. 468,johnsontracy@yahoo.com,Samoa,Dancer,753 Daniel Radial Suite 824,nnolan,eI9hU8qm&6,00183888
Megan,Oconnor,1991-06-11,914-70-1390,476 Mendoza Pine Apt. 060,callahanstephen@yahoo.com,Western Sahara,Sport and exercise psychologist,1496 Kimberly Mall Suite 866,michael09,u#e61^HUtx,18063424
Stephen,Galvan,1978-08-06,987-80-1115,970 Hill Harbors Apt. 916,karihansen@gmail.com,Pakistan,Corporate investment banker,7167 Pamela Station,ramireznicholas,)VzHgt5d5z,98358977
Tara,Larson,1973-07-12,904-94-9867,057 Hawkins Estate Apt. 346,smithangela@stephenson.com,Senegal,Prison officer,9471 Aaron Knolls,lisa41,!5L&Z#Ka$t,91739292
Rebecca,Porter,2006-04-19,993-80-7667,021 Valerie Burgs,brandon25@yahoo.com,Guatemala,Loss adjuster chartered,8569 Kevin Mountain Suite 997,philip40,_c4)QmYgk6,12411153
Bryan,Christensen,1982-11-09,921-71-5564,989 Hernandez Fort Apt. 306,rsuarez@rasmussen-newton.org,Micronesia,Museum/gallery conservator,0197 James Via Suite 447,larry38,c@TM6MzsI_,57041834
Paul,Spence,2008-12-15,919-90-0870,513 Cox Ridges,marygonzalez@hotmail.com,Kiribati,Engineer chemical,810 Amy Heights Suite 705,garciajulie,0+IFqYae+m,76629068
Kimberly,Lopez,1976-03-23,931-99-7379,8358 Gary Shoal Suite 049,maureenfoster@stephens.net,Israel,Scientist clinical (histocompatibility and immunogenetics),96271 Jason Harbor Suite 695,richardsonana,h*E4Ns4lRG,40227542
Jeffrey,Anderson,1992-08-28,927-77-3460,2667 Norris Expressway,millerkimberly@oneill.com,Colombia,Systems developer,948 Lynn Light Suite 162,garcialinda,!s!Yl7Vh^d,63286861
Alicia,Hall,1980-08-16,912-94-1316,485 Amanda Forges Suite 710,hroberts@green.org,Monaco,Land/geomatics surveyor,26570 Sloan Ways,ndunn,#45XH!Tpxu,84763594
Susan,Rios,1984-04-11,922-75-5594,1214 Cantrell Prairie,jacksonbriana@gmail.com,Uzbekistan,Heritage manager,162 Snyder Dale Suite 661,christina78,q1BHWD(b_v,97599197
Mary,Garrison,2002-05-27,923-92-6691,8265 Vaughn Cove,delgadomary@clements.info,Congo,Mechanical engineer,24349 Elizabeth Motorway,qward,pvSByII_#8,79669733
Kirk,Carter,1978-02-27,917-74-3361,9378 Washington Terrace Apt. 873,dustingregory@hotmail.com,Cook Islands,Public house manager,373 Green Roads Apt. 823,wilkinsontoni,#6%61XNrN&,32002041
Robyn,Mays,1989-08-26,935-85-3549,079 Vincent Dam,alexander34@wilkins.com,Brunei Darussalam,Chief Executive Officer,53503 Jessica Oval,emilyweaver,r2Sjk6sR^L,37676490
Gina,Patterson,1982-11-15,997-92-3539,336 Robin Plaza Apt. 658,rayjennifer@barry-lee.com,Lao People's Democratic Republic,Engineering geologist,552 Crystal Flat Apt. 530,khood,ksjWC9PG@3,72690048
Daniel,Dennis,2006-11-28,927-71-9991,94628 Fields Prairie Apt. 614,toddtrujillo@bennett.com,Bouvet Island (Bouvetoya),Logistics and distribution manager,2170 Vargas Centers Apt. 911,johnsonerik,S^FKX1DQSk,93933940
Manuel,King,1987-10-17,969-91-8696,222 Karen Lodge Apt. 469,underwoodjade@porter-gonzalez.info,Montserrat,Garment/textile technologist,99143 Jones Forest Apt. 820,shelley43,Z9QwQq1L)x,70455366
Nicholas,Price,1972-02-04,940-82-6696,11281 Michael Knoll,jenny15@gray.biz,Jordan,Fashion designer,33235 Barajas Freeway Apt. 432,tholloway,t5R7GB2x@x,21513664
Tanya,Murray,1998-06-12,937-71-0456,40186 Michael Court Suite 400,michael72@bauer.com,Kiribati,Journalist magazine,46165 Arnold Expressway Suite 144,lbush,8_$9X4gfmW,27354452
Russell,Wilkins,1990-01-09,965-75-4453,667 Tamara Ports,charlesbenson@hotmail.com,Cook Islands,Financial manager,4778 Salas Well Apt. 972,hhancock,6nlJGy+m%1,66925804
Glenn,Johnson,1986-07-01,962-79-1140,480 Lester Shores,greendeborah@moore.com,Christmas Island,Optician dispensing,4570 Samantha Light Apt. 008,simmonsstephen,uWf1WEub%+,42181989
Diana,Martinez,1973-10-26,999-82-4993,50831 Kevin Mall,lewispaul@anderson-lee.net,Guinea,Editor commissioning,225 Elliott Crossing Suite 239,elizabeth38,x8*mPsdm)u,07037900
Melissa,Lopez,2007-12-18,946-77-7676,9291 Graham Shore Suite 400,barnettkatherine@mccarthy-white.org,Botswana,Lawyer,577 Wallace Isle Apt. 828,leewatson,c$+Ut9Vr@8,75240752
Stacie,Castro,1989-03-15,994-75-3104,1634 Anthony Mission Apt. 710,zgeorge@martinez.com,Senegal,Network engineer,0293 Johnson Heights Apt. 863,crosshannah,42W8Tq__$h,12514885
Charles,Martin,1985-12-10,906-97-0181,495 Jarvis Avenue Apt. 381,qtaylor@martinez.com,Canada,Comptroller,59550 Connor Mountains,jeffreybeck,TMAM5i&Y)4,81313358
Richard,Lee,2005-10-07,980-71-6624,1956 Robert Mills Apt. 893,phines@taylor-bean.com,Uganda,Engineer materials,2368 Parker Way,derrickbecker,$@6D6SeUbE,67287055
Daniel,Harvey,1991-07-30,996-88-0852,913 Obrien Lakes,james94@ford.com,Guadeloupe,Database administrator,36896 Lewis Walk Suite 643,christopher83,UF*1LgAq6K,25534146
Robert,Welch,1977-07-07,989-76-0669,7734 Francisco Mountains Apt. 265,sheila82@hotmail.com,Austria,Embryologist clinical,2246 Christopher Light Suite 470,heathergregory,1%LQDF0q$J,75268763
David,Bell,1991-02-27,983-76-4281,89128 Michael Junction Suite 371,lopezzachary@knight-phillips.com,Uzbekistan,Publishing rights manager,595 Swanson Junctions Apt. 759,wromero,%J$Iu0(w(9,38958038
Mary,Owens,1989-12-02,986-85-9818,62434 Austin View,ohernandez@watson-novak.biz,Bahrain,Lobbyist,388 Derek Run,maureen23,2a1mmKf+!M,70970005
Eric,Miller,1996-06-19,919-91-9482,95681 Christopher Plain Apt. 346,john63@holland.com,Greece,Exercise physiologist,454 Brittany Avenue,emoran,*ZvTb%Fb!7,96311806
Wesley,Walls,1975-02-09,987-91-1020,435 Joseph Pines Suite 165,lisa40@gmail.com,Dominican Republic,Make,4640 Gina Run Suite 709,ogriffith,E_3hElkpun,18152562
Christopher,Martinez,2009-01-04,905-72-2238,464 Torres Shoal,lindseydeborah@yahoo.com,Cuba,Programmer systems,93967 Kimberly Squares Apt. 372,bartonbrian,1C%MhiOW)p,41728314
Eric,Frye,1987-02-11,991-96-6088,85464 Richard Roads Suite 186,tyler94@gmail.com,Martinique,Research scientist (physical sciences),092 Williams Creek,aaron66,@i&xBi5f7e,65616635
Ashley,Morgan,1982-10-17,981-85-2480,031 Montes Walk,jeffrey50@jordan.info,French Southern Territories,Administrator local government,85446 Riley Prairie,ericpowers,P0w9wN1cI_,23295124
Andrew,Patel,1977-01-26,949-99-2021,9113 Dudley Walks Apt. 346,smithjesse@clark.org,Kazakhstan,Early years teacher,75145 Harrell Gateway,wgreen,1EOs!T1#@r,38766183
Amanda,Buckley,1986-12-17,958-88-3592,0562 Mary Fields Suite 129,jessicayoung@gmail.com,Timor-Leste,Armed forces logistics/support/administrative officer,427 Parker Fords,vaughnmiguel,en)1IUUbUm,09724761
Charles,Daniels,1987-03-31,925-98-2868,312 Aimee Forest,jamesroman@ritter-ramos.com,Tajikistan,Chief Executive Officer,2146 Joy Flats Suite 192,maldonadocasey,)1TsEl(y^X,38823831
Sheila,Dudley,1988-04-18,989-73-4810,39372 Castro Shoal,james28@hotmail.com,Qatar,Risk analyst,969 Lorraine Ramp Suite 659,rebekahmoreno,v6RoI_Rp^5,89271070
Erik,Santiago,1976-11-07,936-84-7138,9570 Leonard Islands Apt. 343,grantgraves@key.com,Falkland Islands (Malvinas),Homeopath,253 Rodriguez Neck,zmurillo,h*ZW*cbj%2,50764495
Charles,Kemp,1996-04-17,963-74-9975,424 Amy Walks Suite 861,vwilliams@green.info,Malta,Special educational needs teacher,396 Kirby Square,victor77,zz9U&sm16#,53560018
Antonio,Webb,1974-10-24,935-88-7577,74011 Huang Cape Apt. 007,david44@baker.com,Saint Kitts and Nevis,Teacher primary school,428 Smith River Suite 892,eglover,$*bq0UsemO,97641285
Bradley,Solis,1988-09-28,909-94-5480,0026 Jordan Extensions Suite 689,edwardsdavid@yahoo.com,Wallis and Futuna,Plant breeder/geneticist,1570 Jimenez View,hughescarlos,ia@*Yf^U^3,76017704
Gary,Riggs,2001-11-10,934-80-1071,5715 Courtney Inlet Suite 468,vhouston@hotmail.com,Monaco,Radiographer diagnostic,55228 Howard Row Apt. 915,ramoshayden,(^fg8CxbcP,18415247
Christopher,Johnson,1997-08-12,999-92-0913,62177 Harris Squares,hmclaughlin@yahoo.com,Armenia,Barista,46903 Marcus Way,keith00,4UbUSqz!(y,41446027
Austin,Murphy,1974-10-26,974-76-8535,0686 Wolfe Inlet,jconway@hotmail.com,Macedonia,Engineer chemical,81725 Julie Village,ojones,!yOElO*t4b,09734159
Karen,Colon,1983-10-16,956-86-2440,00288 Richard Brooks Suite 980,michaelfriedman@gmail.com,United Arab Emirates,Occupational psychologist,3265 Patricia Club Suite 527,nicholassingh,@UBIxegoK8,27349649
Samantha,Holmes,1997-10-14,988-97-4825,686 Eric Throughway Suite 710,xphillips@wagner.com,Congo,Secretary/administrator,3332 Gonzalez Falls Apt. 568,terry83,u!44gRiRCl,64360577
Danielle,Gonzalez,1973-02-15,913-98-8102,7378 Jodi Ridge,kingerin@brown.com,Oman,Therapist sports,54520 Johnson Summit,hodgesluis,%OXHre9Iz6,32537512
Michael,Wheeler,1979-04-20,932-95-7479,11392 Ramirez Pass Suite 754,samantha09@maxwell.net,Northern Mariana Islands,Quarry manager,00554 West Harbors,nbrown,#jhWtEULv4,57794587
Sharon,Heath,1973-07-02,902-95-1484,6797 Jenkins Via Suite 093,jacksoncheryl@anderson-gilmore.biz,Cuba,Buyer industrial,6222 Kevin Shore Suite 093,williamlynch,(UWK!HmhC2,50384716
Peter,Gonzalez,1987-08-16,924-85-0959,11857 Tara Brooks,debbie74@gmail.com,Mongolia,Pensions consultant,8655 Thompson Isle,jgarrett,HWm6UPbsG*,87726619
Jill,Miller,2003-03-30,979-71-9058,04714 Melissa Meadow,anthonyrobles@yahoo.com,United Kingdom,Community arts worker,3123 Welch Mill Suite 311,yanghunter,v#0%kH2w!f,55924238
Daniel,Foley,1997-06-06,922-90-0546,073 White Tunnel Apt. 487,cpena@mccoy-thomas.biz,Saint Lucia,Exercise physiologist,734 Adam Groves,heather68,XAbwZ4be(0,77659477
Scott,Macias,1990-08-01,991-79-5046,63330 Gary Hollow,aryan@vasquez.com,Tunisia,Textile designer,9438 Victoria Shore,smithmegan,6^Q4_O^s7r,09805248
Ricardo,Wilson,1982-08-05,914-98-8021,6661 Coleman Parkways Suite 361,dominique08@yahoo.com,Netherlands Antilles,Hospital doctor,2159 Andrea Center Apt. 353,steven58,+o1XmZRnT4,73565833
Raymond,Merritt,1985-08-10,947-94-9488,96087 Chris Curve,brianhall@bennett.com,Congo,Writer,7993 Todd Terrace,rogersdavid,e#3bMQoV1$,58953563
Pamela,Barker,1976-12-23,952-75-6395,208 Lisa Station,roberto86@hill.biz,Spain,Camera operator,15507 Sara Mission,cassidy29,e$^pLASp*8,18696547
Deborah,Turner,2006-01-07,936-82-6632,9709 Christine Keys Suite 916,matthewking@hotmail.com,Somalia,Facilities manager,7561 Leslie Manors Suite 405,gonzalezashley,uf87IZqz%%,33849805
Brandi,Silva,2001-04-29,960-75-3673,48024 Mckee Dale Apt. 330,robert03@silva.info,Jamaica,Multimedia specialist,438 Wendy Prairie,ecruz,(eRKVun08L,02596112
Karen,Roberts,1974-06-13,979-96-3027,57558 Sydney Place,gary24@sandoval.com,Norway,Scientist audiological,41466 Smith Corner Suite 209,qdonovan,Z^OVSI7dBC,97452362
Patrick,Thornton,1989-07-02,917-74-0043,83932 Fernandez Streets,fgentry@lewis.org,Denmark,Futures trader,5060 Koch Drives Suite 138,bennettphilip,4NQVn7e2!^,65817544
Michael,Ramos,2002-01-18,935-71-6206,969 Mejia Manor Suite 851,davidmurphy@peterson-white.com,Albania,Radiographer therapeutic,2465 Lewis Junction Apt. 772,brownearl,UCQo1hlr%8,24593984
Caleb,Hardin,1971-08-28,999-91-0113,65552 Danielle Harbor Apt. 735,kelly14@gmail.com,Guinea,Hydrologist,94070 Jacqueline Garden Apt. 175,lynn33,u9L*#Bkg$2,62251730
Brooke,Kennedy,1982-12-15,921-82-4393,558 Karen Port Suite 289,urodriguez@gmail.com,Ethiopia,Electronics engineer,7839 Morgan Cape,mckenziejoseph,1h3P0SPeZ@,14021602
Edward,Patel,2007-07-29,901-90-2891,76895 Fox Via,jasonbyrd@gmail.com,South Georgia and the South Sandwich Islands,Armed forces technical officer,4916 Herman Course Suite 271,rgonzalez,+$Oa3vViJ7,27714157
April,English,1979-12-22,960-98-3157,823 Emily Burgs,arnoldjohn@mcclain.info,Bouvet Island (Bouvetoya),Art therapist,88150 Rachel Squares Apt. 172,bradleymunoz,3yvq(PXO^o,02620985
John,Ryan,1974-08-19,991-97-2080,2095 Williams Circles Suite 667,jamesveronica@gmail.com,United Arab Emirates,Minerals surveyor,4577 Lisa Mission,carlos61,P@53ayLbE4,87541939
Anthony,Perez,1970-05-13,902-80-6431,850 Eric Radial Apt. 960,vschneider@bass.net,Saint Pierre and Miquelon,Clinical molecular geneticist,17621 Shelton Squares,karen14,$i@9$KYliv,80373599
Joseph,Wilkins,1971-11-22,903-94-7192,734 Allen Drives Suite 609,megan95@long-oliver.biz,Reunion,Runner broadcasting/film/video,74332 Richards Lights Suite 257,glennkrueger,^FEu2^0)Q8,44711320
Christopher,Espinoza,1994-11-25,907-77-5534,713 Green Parkway Suite 820,territurner@hotmail.com,Sao Tome and Principe,Housing manager/officer,057 Cook Shores,courtneysmith,U7jUsn@B&U,84671240
Christina,Powers,1991-09-11,957-90-7678,6080 Robert Pines,iortiz@davis-perry.com,Uganda,Designer multimedia,510 Jennifer Plains Apt. 012,vbowman,wAt7OXWf#9,20176181
Shannon,Meyer,2001-03-22,911-84-2385,19453 Gibbs Forges,davisaimee@gmail.com,Philippines,Teacher adult education,51250 Stephanie Keys Apt. 622,james03,y8wCWow4^K,36330638
Rachael,Campbell,1999-08-03,980-81-1571,000 Watson Estate,dennismelissa@hotmail.com,Montenegro,Printmaker,004 Miller Mountains Suite 401,richardsonjohn,t)0S%DucjZ,28244516
Christina,Jacobson,2006-12-06,971-84-6431,337 Wiley Harbor,georgeobrien@yahoo.com,Papua New Guinea,Quantity surveyor,72522 Welch Brooks,contrerasamber,*(8S33nRro,11434122
John,Moon,1985-07-30,967-90-2261,83625 Frank Pike,michael22@hotmail.com,Kyrgyz Republic,Patent attorney,00003 Henry Junctions Apt. 344,ijohnson,2)YdrXBB&a,50777976
Nicholas,Wade,1975-10-23,974-90-6196,0930 Yang Trail,paula48@hernandez-levy.com,Ecuador,Scientist clinical (histocompatibility and immunogenetics),5527 Jonathan Key,qboyd,KxBDq(Y#)9,89486863
Ricky,Willis,2002-06-21,922-82-2146,7223 White Common,lucas22@gmail.com,Cameroon,Public relations officer,2517 Catherine Extension Apt. 071,sjohnson,)7oQ*oOjea,77428127
Kelsey,Rivera,2001-11-23,924-79-6026,3864 Williams Centers Suite 852,penny03@calderon-taylor.org,Guinea-Bissau,Furniture designer,85499 Karen Flats Apt. 552,hballard,(IJ9!WPoK!,76674099
Andrew,Gordon,1977-04-22,972-95-5529,37906 Rachel Haven Apt. 199,zphillips@taylor.biz,Peru,Teacher music,4129 Lewis Extensions,michele68,KpzoK4o1&3,25594096
Benjamin,Knight,1981-04-06,961-88-6855,90098 Werner Ramp Apt. 750,oacosta@gmail.com,Marshall Islands,Speech and language therapist,310 Nelson Inlet Suite 733,bberger,uCM)EZnc*5,79182836
Alicia,Taylor,1990-08-22,963-75-8076,935 Proctor Spurs Apt. 913,mary86@bryant.net,Kuwait,Sound technician broadcasting/film/video,300 Baker Ridges Apt. 832,stephanieschneider,^aXL^KxZd9,15845795
Steven,Lopez,1985-11-18,940-72-9443,6406 Alyssa Glen,hernandezjay@ochoa-bell.info,Congo,Outdoor activities/education manager,201 Molina Rue Apt. 809,owashington,rc^7UXlt^i,91373649
Curtis,Hutchinson,1998-11-22,942-90-7663,0312 Chad Turnpike,robert05@navarro-hensley.info,Lao People's Democratic Republic,Advertising art director,1562 Jeremy Route Suite 257,crystalroberts,6*JNwtkx#z,83390289
Rachel,Brown,1981-02-15,966-84-4322,283 Harris Shores Suite 590,qwright@sexton.com,Antigua and Barbuda,Scientist research (maths),4658 Edwards Motorway,nwood,NeBt1u9l@1,96700518
Kelly,Keith,1980-04-25,995-71-9443,5651 Ryan Junction Apt. 041,crystal93@garcia.org,Bolivia,Bookseller,430 Pierce Flats Apt. 667,zwalter,Q+LR5JLGWy,47855243
Daniel,Butler,1991-11-16,918-86-7705,33606 Hunt Run Suite 137,wvelasquez@villa.com,Anguilla,Civil engineer contracting,5435 Alexander Mountain Suite 654,moniquejenkins,!2FfumiCfS,47114913
Jason,Bradley,2001-11-14,904-99-5686,511 Katherine Cliffs,lgolden@york-wilkerson.com,Barbados,Microbiologist,6644 Laura Oval Apt. 510,christopherhart,K^Z9lXs^tH,25205589
Carol,Weber,1989-01-22,941-91-4745,6176 Steven Bridge,boltonlucas@yahoo.com,Latvia,Chartered loss adjuster,41946 Odom Common,garciajames,zj7v#QZg&2,80626640
Keith,Chapman,1995-06-25,913-71-8782,626 Martin Corner Suite 305,emilykelly@jones.com,Azerbaijan,Herpetologist,37309 Jonathan Dam,znorris,zn9(A8Ndx+,28116240
Juan,Morrison,1983-04-17,985-78-7272,38125 Sarah Mountains Suite 468,boltonerin@howard.com,Brazil,Theme park manager,31003 Renee Highway Apt. 381,jonesdean,V2K_TKxs+k,37939083
Charles,Nguyen,1973-03-03,944-73-5566,719 Eric Park Suite 823,diana11@kidd-lopez.net,Indonesia,Chemist analytical,7077 Suzanne Lodge Suite 225,garyhoward,*(H_75Rj4_,94604672
Stephanie,Valdez,1980-05-26,963-77-7398,6592 Cardenas Drives Suite 204,moodysusan@johnson-carpenter.biz,Bosnia and Herzegovina,Pharmacist community,81111 Melvin Loop,phillipsjoseph,L6@n2GjN#n,19783697
Melissa,Ellison,2008-05-20,989-79-3527,022 Cynthia Plaza Suite 019,leahkim@yahoo.com,Dominica,Licensed conveyancer,7850 Kendra Club,david01,(qS)*$MO6g,24709927
Jon,Henry,1983-10-16,915-98-4825,0068 Rebekah Motorway,donaldwilliams@phillips-kennedy.net,Northern Mariana Islands,Research officer trade union,6363 Sara Mill Suite 642,jamesweaver,*8HH)uiym2,15319791
Leah,Anderson,1970-04-11,947-80-5872,6507 Gabriel Heights Apt. 472,benjaminfoster@yahoo.com,Burundi,Chief Technology Officer,1333 Lori Corner,wnewman,$$80JA7hf0,80017998
Mark,Johnson,1985-08-13,959-75-9265,2160 Mark Isle Apt. 452,bradychris@hotmail.com,Maldives,Programmer systems,79306 John Ranch Apt. 189,joshuamoore,I$+@3h5paF,76301308
Dustin,Peterson,1991-05-29,987-79-9934,918 Cruz Points Apt. 779,brian22@hotmail.com,Myanmar,Catering manager,7153 Jared Hollow,monicawright,$F9EPWa%CC,27979877
Hailey,Davis,1992-04-14,962-92-5493,77980 Amber Rue,bryan28@shaw-green.com,Anguilla,Environmental education officer,696 Gary Turnpike Suite 294,rebecca39,&6WqY)#fMF,99394561
Amy,Mills,1972-02-05,932-83-7081,4644 Russell Mews Suite 989,jessica31@fields.com,Lebanon,Training and development officer,012 Jones Corners Apt. 129,dyoder,o!8Z_B1ybt,44751739
Allison,Barber,1975-10-24,924-87-0496,29992 Christine Drives Suite 990,travisnicole@jones.net,Singapore,Psychologist counselling,968 Kelly Lane Suite 273,fparsons,1$&^2IOemy,54944794
Billy,Herring,1994-01-26,976-83-3814,40834 Carter Common,davisyolanda@hotmail.com,Paraguay,Scientist marine,8643 Brown Motorway Apt. 399,xvalenzuela,B$+0Z!i#b),60832627
Jonathan,Gonzales,1976-06-01,907-90-4808,406 Williams Glens Suite 796,thompsonlauren@dominguez.com,Kuwait,Medical physicist,493 Hubbard Shore,saraharris,9&J6j9Sqc1,27889633
Felicia,Novak,1981-05-13,905-83-8007,2034 Parks Inlet Apt. 204,mclaughlingeorge@hotmail.com,Latvia,Theatre stage manager,6830 Colin Circle,jeffreybrown,C^5b+PLhM&,47473027
Richard,Frazier,1975-01-25,950-75-1073,0019 Katherine Village,jerry12@hotmail.com,Nigeria,Games developer,74990 Miranda Walk,steven25,4!7QfOqI1S,29369744
John,Miller,2004-05-24,975-72-5315,2987 Nicole Island Apt. 882,sharon62@parker.com,Seychelles,Contractor,9207 Myers Groves,alisonmorales,#+oA7Uvy@i,45460531
Jacqueline,Lopez,1991-11-12,949-71-2619,519 Munoz Hollow,ethan84@yang.info,Kyrgyz Republic,Production assistant television,39847 Tyler Spurs Suite 670,ian16,_5Yjgf6(1@,10880333
Brenda,Hodges,1977-10-04,909-70-1635,375 Beck Lake,zcarroll@yahoo.com,Morocco,Restaurant manager fast food,159 Mcdowell Mall,molly98,2!0^Qwk6^T,14003332
Ebony,Jackson,1993-05-03,921-99-5199,9239 Sanders Trafficway,thompsonryan@hotmail.com,Tanzania,Comptroller,9906 Edwards Pass Apt. 908,leemelissa,*6x4AwndX%,51719555
Matthew,Morales,1970-03-03,952-81-8444,662 Charles Crossroad,daniel63@gmail.com,Wallis and Futuna,Scientific laboratory technician,8165 Jesse Expressway Suite 601,jacqueline13,_37+OLFgD0,24972338
Stephanie,Williams,1995-04-23,963-81-2066,1471 Theresa Corners,fvaldez@smith.org,Anguilla,Environmental health practitioner,33152 Cummings Villages,ryanmaria,)JMgYyfg+6,09636538
Michelle,Allen,1994-03-24,927-75-6591,5452 Dorothy Path Apt. 863,christophermorris@doyle.biz,Colombia,Insurance underwriter,0636 Gregory Turnpike,cedwards,%xaDrazs74,14568725
Kristin,Velez,1993-08-03,958-94-2521,5178 Salazar Well,obrady@hotmail.com,Cape Verde,Osteopath,14232 Terrence Keys Suite 798,sydneylarson,$HRP##ut3l,04852568
Stephanie,Robinson,1978-07-29,997-75-2941,990 Johnson Rapid Apt. 153,pageroberta@gentry-booker.com,Portugal,Chartered certified accountant,645 Kelly Parkway,pedwards,9Mst7DPmN+,38692055
Kyle,Vance,2003-10-11,900-76-1039,8548 Foster Ramp,robert56@jarvis.com,Cocos (Keeling) Islands,Magazine journalist,7987 Christina Walks Suite 874,donaldhobbs,_7MDAX5g8(,50638529
Madeline,Shaw,1971-12-20,905-95-8538,96913 Cynthia Extension,kathleenrusso@martinez-king.com,Niue,Phytotherapist,1289 Julia Keys,jenna36,s1Nxtt@t$g,29381845
Scott,Jones,1971-12-14,962-88-7137,131 Carla Mall,angel66@harris-rodriguez.com,British Virgin Islands,Engineer broadcasting (operations),283 Rachel Plaza,garciaedward,A3gGpPa9^7,09607101
Cheryl,Fuller,1997-09-13,969-75-9819,33298 Villanueva Lock Apt. 124,butlerkatie@gmail.com,Bolivia,Electrical engineer,55920 Christine Brooks,robertschwartz,pj42_Uy6^^,91944900
Andrew,Hodge,2007-03-17,914-73-2716,55662 Mann Fields Suite 270,bradleymonique@hotmail.com,Brunei Darussalam,Veterinary surgeon,654 Brooks Field Suite 369,jonathan82,&S05feJi(a,62677998
Andrew,Dickerson,1985-10-04,956-84-1231,785 White Unions Suite 705,cheryl91@shepherd.com,Iraq,Music tutor,4011 Ellis Fords Apt. 041,melissa58,$+*5Z&yjG6,60241696
Marissa,Harrington,1972-04-11,914-99-0103,0495 Kathy Hill,wilsonjames@yahoo.com,French Southern Territories,Illustrator,079 Gonzalez Park,marthajones,^%3PF_ff$Q,93103008
Hannah,Williams,1972-06-17,957-79-6952,615 Robert Crescent Suite 277,elizabethcastillo@obrien.com,Cayman Islands,Tax adviser,229 Paula Shore Apt. 672,rebeccaharris,#sEm8rG$6m,17594202
Bethany,Matthews,2000-05-30,907-78-4358,686 Kennedy Crescent,christopher75@nixon.com,United States of America,Teacher primary school,681 Dunn Streets Apt. 390,wsmith,*u%H!dbr2Y,36850280
Tina,Mcdaniel,2007-11-19,963-72-6892,00316 Mcdonald Stravenue Suite 403,enovak@beck.com,Christmas Island,Risk analyst,7108 Clayton Village,wardsarah,HgMMLEOU^2,10999295
Angela,Houston,1996-01-30,911-76-8767,358 Aaron Lake,carterzachary@gmail.com,San Marino,Gaffer,42556 Erica Row Suite 897,mparker,@0XSpZ2q^t,13854966
Sharon,Miller,1977-05-29,964-94-3677,61160 Whitney Mountains Apt. 577,boydjohn@mcbride.com,Fiji,Embryologist clinical,536 Monroe Summit Suite 047,andradedarren,u9G+6FFcX$,78723665
Nicole,Fisher,1997-05-15,960-73-1843,6851 Maldonado Trace Apt. 697,marshalljoshua@hotmail.com,Macao,Occupational psychologist,824 Heather Trail Apt. 870,brent19,!YH7fnPk06,07497124
Christina,Randall,2006-02-02,998-79-8044,26867 Dakota Glen Apt. 659,solisamy@phillips.com,Liberia,Research officer political party,94036 Mckenzie Coves,seth55,@VO)l62M#2,19699493
Karen,Lopez,2007-11-18,977-90-3226,6890 John Cliff Apt. 418,blackmary@burns-young.com,Antarctica (the territory South of 60 deg S),Research officer trade union,420 Schroeder Walk Apt. 456,ycarlson,!Kt1O1Ykr#,83177699
George,Nielsen,1993-05-26,903-78-1639,40045 Turner Crest,davisallen@smith.net,Tonga,Animal technologist,756 Rice Squares Apt. 082,alexismorales,SvtGg5qC+5,25281200
Jeffery,Bell,1991-11-22,958-97-7429,9319 Rachael Place,haynesjasmine@yahoo.com,Guinea,Actuary,166 Davenport Vista,dean76,b9(DWObp(@,63189643
Eric,Lee,1999-08-31,938-70-8390,71448 Rodriguez Underpass,hessanthony@gmail.com,Macao,Herbalist,353 Victoria Spurs,anthony82,_6w5QYbok&,10836569
Patricia,Jones,1994-07-01,920-91-5281,8800 Johnson Oval,alison54@leach.info,Korea,Conservator furniture,592 John Oval,wolfjoseph,P6iGAvOF&1,03842645
Angela,Prince,1983-11-05,960-73-7274,8817 Brendan Field Apt. 645,nolson@salinas.com,Pitcairn Islands,Product manager,43795 Jacqueline Lakes Suite 729,michelle14,dnXj+cy^_8,72846803
Jerry,Malone,1995-03-26,980-81-9447,337 Laurie Walk Apt. 360,wlarsen@buckley.com,Turks and Caicos Islands,Engineer drilling,94473 Tracy Knolls Apt. 807,brewercynthia,3(80hNDd0Y,70151565
John,Nelson,1979-06-15,951-86-8817,0709 Timothy Trace,lynnacosta@gmail.com,Moldova,Transport planner,4118 Sharon Loaf,djohnson,Kg3VZChi%6,54142022
Yesenia,Fletcher,1995-12-07,962-95-2612,854 Decker Wall,juanrodriguez@yahoo.com,Kyrgyz Republic,Visual merchandiser,6392 Kevin Fall Suite 536,susanlewis,2@+VOn@u@0,01778762
Alexandria,Castillo,1999-01-23,932-77-3403,381 Charles Mountain,michaelodom@yahoo.com,United States Minor Outlying Islands,Ceramics designer,63073 Morris Ways Suite 318,kentbrandon,6EX8Ctw6@3,34511183
Isabella,May,1971-05-02,997-80-7712,254 Mosley Isle,kjackson@yahoo.com,British Indian Ocean Territory (Chagos Archipelago),Restaurant manager fast food,970 Charles Lane,wallmegan,Mj(4E5quEo,80329145
Chris,Powell,1998-10-06,967-88-0731,042 Matthew Squares,adam72@fuller-howell.com,Djibouti,Graphic designer,3591 Medina Extensions,sarahnelson,S&it4_Tw%#,70250138
David,Miller,1992-01-14,996-98-6430,03401 Curtis Plains,michaeladams@yahoo.com,Germany,Engineering geologist,4760 Gonzalez Roads,zknox,J*6b5JHhJZ,23764668
Alejandro,Dougherty,1980-03-09,989-81-1163,91133 Mcmahon Lane Apt. 479,sroberts@solomon.info,Macedonia,Government social research officer,5130 Alicia Tunnel Apt. 003,ramosamanda,^C0aQXmrC1,36648108
Michael,Smith,2000-01-23,920-95-3970,02399 Anthony Unions Apt. 174,pgreen@perry-leblanc.info,Tajikistan,Copy,05194 Richard Light Apt. 346,nholt,&U3ZFedkB&,01475920
Cheryl,Washington,1989-08-25,988-85-1971,00524 Robert Corners,julie89@gmail.com,Kyrgyz Republic,Clinical research associate,931 Burgess Forges Apt. 332,garciarobert,*3jH)BmiX3,17658508
Cody,Jones,2008-07-12,942-79-6482,1483 Davis Circle Suite 153,benjaminpadilla@burton.org,United Kingdom,Risk analyst,42471 James Lodge Apt. 813,james24,6fb3^L_w1%,71359571
Kelly,Blankenship,1980-02-23,946-87-8645,149 Philip Canyon Suite 827,frankayers@ruiz-adams.org,Syrian Arab Republic,Health and safety adviser,344 White Land Suite 813,xavier01,$^x2FWe+Ub,36282142
Amy,Sexton,1974-12-17,918-95-9200,700 Stevenson Overpass,gibsonamy@crawford-fitzgerald.org,Indonesia,Scientist forensic,1438 Jenkins Pines Apt. 925,gregorygonzales,)bZoupOZT3,44250294
Jasmine,Hughes,1993-06-13,945-96-9804,9892 Ingram Coves Apt. 223,lauraellison@yahoo.com,Saint Lucia,Journalist newspaper,743 Lewis Mission,rkennedy,G*Dg3P%al#,56943641
Wesley,Hernandez,2008-01-21,986-98-9533,051 Johnson Inlet,skinneraaron@hotmail.com,Turks and Caicos Islands,Armed forces training and education officer,24795 Acevedo Skyway Apt. 288,stewartdebra,*W2KZvb)on,17478106
Robin,Ford,2005-09-25,908-76-7131,0589 Matthew Village,pooledaniel@brown.com,French Southern Territories,Museum/gallery curator,670 Jeffrey Point Suite 315,loripaul,c5DQ+o2q(r,13169404
Rhonda,Reyes,1985-01-11,933-98-3786,30688 Jonathan Mountain Apt. 633,orozcowilliam@patton.com,Portugal,Forensic scientist,5023 Joseph Coves Suite 760,jessica44,hD)2NiF!*$,91876171
Julie,Goodwin,1979-04-10,988-85-8810,825 Sara Stream,james12@daniel.biz,India,IT trainer,9119 Williams Fields,david89,&49STaGGYs,19084367
Caroline,Brown,2008-09-11,997-70-8563,1432 Laura Inlet Apt. 519,ortizdebra@gmail.com,Uzbekistan,Scientist marine,6810 White Hollow,wrighttaylor,(Z_9Iqb982,27375983
Jean,Bowman,1975-05-12,982-90-8883,34249 Kylie Fields Suite 164,christopher32@nunez.biz,Austria,Wellsite geologist,225 Benjamin Centers Suite 375,iwalker,+_4NqL3oGv,33046075
Courtney,Johnston,1982-03-31,954-83-9626,8891 Hart Ford,jeffrey17@parker.org,Cocos (Keeling) Islands,Lecturer higher education,817 Jennifer Valley,fisherdaniel,c&t!3#PbJj,34371510
Diana,Huff,1970-11-22,962-90-9080,5673 Steven Camp Suite 930,sbauer@gmail.com,Azerbaijan,Artist,2432 Gillespie Circles,tfernandez,e9K52qEe_L,18982374
Jose,Henderson,1997-05-08,931-71-7165,5767 Santana Run Suite 113,ptaylor@gmail.com,Saint Lucia,Commissioning editor,995 Donna Junctions Suite 836,jason14,^wm5I#hAi_,86553889
Bruce,Smith,1991-12-28,943-80-5996,41386 Ward Circle,katrina56@cole-walker.com,Dominican Republic,Community development worker,99367 Wilson Branch,larsenchristine,)!6AG+^w5m,82410506
Jody,Payne,1982-08-16,982-87-0629,322 Lee Rest Suite 754,joshuapineda@gmail.com,Switzerland,Chief Technology Officer,0095 Gilbert Pass,stephanielove,#x1rAryF^K,75335168
David,Hernandez,1971-07-25,945-78-6770,326 Green Burgs Apt. 515,zhorn@howell.com,Greenland,Seismic interpreter,247 Gomez Ferry,allison20,U82(2RqG)J,79249225
Scott,Tanner,1978-06-15,939-91-9165,1786 Christina Cape,kpark@griffith.org,Suriname,Engineer biomedical,174 Diane Cliff,kruegertheresa,f!Q*1DayD@,49785685
Katherine,Johnson,1973-06-07,952-75-0104,86811 Miller Island,rarnold@page-olson.com,Tajikistan,Industrial/product designer,007 Thompson Gateway Apt. 247,ashleyyoung,%!m+S6Ee$3,27018989
Andrea,King,1985-08-27,976-73-4372,8272 Steve Camp Suite 609,joshua03@gmail.com,Ukraine,Exercise physiologist,412 Warren Plain,brendamartinez,p#t3RClo+Q,54445239
Ryan,Gill,1984-09-10,969-87-4825,9321 Christian Crossroad,martinezjeffrey@gmail.com,Gambia,Gaffer,396 Kenneth Circles Suite 936,perezjessica,D58!6TuUkw,53585462
Angela,Brown,1975-03-25,956-74-5958,23930 David Motorway Apt. 582,kelly94@hotmail.com,Mayotte,Building surveyor,8138 Juarez Common,matthewbarnes,6B9m57FtG!,74379613
Carol,Turner,2003-10-18,978-75-1272,7758 Allison Spring Suite 193,tortiz@gmail.com,Liechtenstein,Publishing copy,3843 Salazar Inlet,reedrachel,^@M02JnPA8,85440470
John,Sims,1974-08-23,935-92-2238,162 Parker Lake Apt. 342,pittskim@hotmail.com,Swaziland,Dentist,89825 Ortega Inlet Apt. 685,rebecca91,y%73Av3r#^,90163197
Daniel,Byrd,1988-04-07,979-88-1246,592 Brown Garden Suite 585,amber04@hotmail.com,Cyprus,Civil Service administrator,74490 Megan Field Apt. 327,dpreston,!m0S66M&M%,44747640
Tammie,Williams,1978-01-25,975-70-7601,84144 Lucas Vista,xwilcox@taylor.com,British Virgin Islands,Journalist broadcasting,3589 Julie Meadow,zdaugherty,&+@0W9H$lh,28466048
Sandra,Meyer,1988-04-05,996-74-9569,0932 Beth Rest,ronaldgill@smith.com,New Zealand,Call centre manager,674 Rodney Pine,phudson,$C_mHIe!#3,23537552
Rachel,Wilson,2004-08-10,993-92-5378,30312 Katie Valley,vchristensen@jordan.com,Cocos (Keeling) Islands,Structural engineer,500 Matthew Springs,tamarawilliams,Otl0CdbQ0%,47703056
Michael,Cohen,1978-05-12,929-75-7087,1843 Anthony Wells Apt. 635,znelson@johnson.biz,Angola,Arts administrator,524 Tucker Underpass,mmclaughlin,6ZD*fdQt)w,23814882
Alicia,Roman,1976-10-17,960-70-8274,470 James Island Suite 052,tiffanyortiz@hinton.com,Bulgaria,Photographer,161 Steven Dale Apt. 629,pagegrant,hT87YO*c!$,54695320
Jared,Smith,2009-02-12,984-76-9909,5528 Larsen Shore Apt. 945,williamsjohn@hotmail.com,Germany,Make,16357 Anthony Island,fjacobs,*IT!5Rqki9,90530197
Jason,Taylor,1970-02-14,949-91-5646,66227 Caldwell Port Suite 503,hking@yahoo.com,Uruguay,Administrator Civil Service,9798 Fitzpatrick Skyway,deanedward,yL+7Qok@cd,18448610
Billy,Matthews,2008-05-07,943-73-5609,574 Alexis Glens Suite 506,lindamoore@moore.com,Panama,Psychologist sport and exercise,03167 Bell Divide Apt. 545,allisonroberson,%B)6T6w6i*,02176123
Sarah,Rivera,1996-10-31,927-88-3936,060 Arthur Ramp,gsmith@sanchez.com,Macedonia,Actor,858 Gonzalez Mission Apt. 583,aimeeoneill,v#0S0Sw)aK,18088212
Alice,Larson,2007-06-30,979-85-3135,15107 Diana Manors Suite 966,smithjulian@robinson.com,Iceland,Cytogeneticist,3872 Robert Mountain,bridgetjackson,$T#+S@yk#3,20536602
Denise,Crawford,1974-07-31,995-87-4493,32120 Lewis Road Apt. 658,hudsonmiranda@escobar.net,Niger,Industrial buyer,510 Deleon Ferry,matthew35,*9)vVekvuP,73307532
Amy,Lee,2006-09-22,962-80-9892,3418 Petty Motorway Suite 722,sarahmckay@smith.net,Kenya,Surveyor building,573 Johnson Mount,qjordan,7&6W)UVtLW,48321259
Debbie,Perry,1977-05-28,900-95-2572,86384 Russell Dam Suite 087,xball@lopez.com,Nauru,Chiropractor,09986 Carter Loaf,velezricky,C6QArsiq_+,46531766
Linda,Pierce,1975-09-24,986-85-0653,1217 Joshua Avenue,abigail88@hernandez.net,Sierra Leone,Customer service manager,82958 Cantu Camp Apt. 892,rlloyd,K)lzW9VtpH,91778314
Devon,Pham,1997-10-21,960-90-1620,642 Floyd Curve,zwilson@gmail.com,Netherlands,Sales promotion account executive,8693 Gallegos Greens,khendrix,$OsQ^3GuyV,60817617
Tara,Anderson,2004-04-10,909-95-8651,17924 Boyd Lock,amyward@fisher.net,Grenada,Industrial buyer,494 Stefanie Brooks Suite 681,brenda03,co!9JbjxCz,33477190
John,Gonzalez,2007-06-25,991-71-9516,39586 Sandra View,npena@ortiz.net,Zimbabwe,Trading standards officer,339 Dougherty Cape,dcabrera,jdhJ8Mt&*4,42404002
Julia,Gonzalez,1972-06-22,954-86-4438,92989 Sullivan Villages,uriggs@gmail.com,Sao Tome and Principe,Occupational psychologist,6523 Dakota Coves,vwilliams,&s@PEtpAl4,91297020
Melissa,Bennett,1980-10-16,974-90-6870,709 Dixon Field,hbrandt@owens.com,Cote d'Ivoire,Conference centre manager,96447 Carpenter Curve Suite 269,joshuajones,BGUZZKzn)8,74185528
Carol,Perry,2007-12-28,959-95-0275,0173 Gordon Estates,crystal87@gmail.com,Tonga,Barista,9110 Brent Branch Apt. 328,brandi01,H6tg_5Lk+G,74179558
Matthew,Patterson,1989-09-22,996-88-1641,3698 Mitchell Garden,veronicafletcher@yahoo.com,Wallis and Futuna,Politician's assistant,088 Barry Cove Apt. 561,nsilva,$O&b*PsC7E,50165094
Shaun,Watkins,2005-07-25,940-91-4578,7970 Hammond Shoals Apt. 700,mcguirejaime@gmail.com,Korea,Automotive engineer,586 David Well Suite 833,ryan70,zz68*Nty(L,83071096
Teresa,Miranda,2000-04-19,971-90-9012,3418 Judith Isle Suite 425,cheryl92@gmail.com,Heard Island and McDonald Islands,Commissioning editor,601 Victoria Burg Apt. 639,hughespaul,$6W8vs)vdk,66382393
Alicia,Scott,1970-11-11,944-98-4958,44363 Walker Plains,linda96@yahoo.com,Northern Mariana Islands,Firefighter,11957 Wright Fort Suite 008,matamaria,A)4eXJcarX,11127529
Michael,Patterson,1988-09-18,966-75-7941,35092 Chad Union,kathleenbaker@gmail.com,Georgia,Engineer building services,864 Hernandez Neck,johnsonwilliam,O$vT7Gq6WX,03331378
David,Alexander,1991-02-28,904-76-1558,93835 Elizabeth Ville Suite 016,davisbrianna@smith.com,Reunion,Engineer electrical,59310 Hamilton Stream,tschneider,xU36b4RbY(,57115795
Teresa,Hardy,1989-10-03,903-70-2185,47588 Bradley Courts,dbradley@gmail.com,Luxembourg,Fine artist,91222 Destiny Center Apt. 644,cruznicholas,_7CRoSgupk,71083957
Sherry,Jackson,1973-08-16,913-94-3700,02536 Stephanie Vista,jasondennis@ray.info,Suriname,Dramatherapist,9393 Dana Rest Suite 391,williamserika,+KD2CrXe^e,51342722
Ashley,Sanchez,1991-12-27,991-78-9699,58052 Wolfe Fall,alicia54@hotmail.com,Slovenia,Metallurgist,36772 Thompson Mall Suite 375,whorn,^3Q$_s7a1y,73761464
Patricia,Burns,1977-12-04,950-90-0598,98883 Shelley Stream Suite 985,danielle51@nolan.biz,Puerto Rico,Ship broker,6281 Patel Ford,jessicareynolds,lFOU(@@S&0,01600230
Randall,Lopez,1990-03-31,999-85-9432,410 Miller Meadows Apt. 170,campbelleric@hotmail.com,Czech Republic,Secretary company,27185 Cunningham Hill,rebeccacordova,L$t39A*tKK,39050922
Joshua,Haney,1997-10-09,901-72-4174,744 Christopher Plains,xjenkins@johnson.org,Djibouti,Teacher primary school,42896 Brian Run Apt. 425,pvaldez,+7lCdNXvx1,12509881
Brandon,Crawford,2002-01-29,948-95-1005,8417 Shields Station Apt. 453,cmann@strong.com,Western Sahara,Furniture designer,7787 Max Viaduct,timothyortiz,H8dvr8RU&a,84807908
Corey,Hunt,1970-02-27,939-95-6432,9462 Miller Ports Apt. 808,kimberlymcdaniel@yahoo.com,Congo,Therapeutic radiographer,04493 Johnathan Bridge,stevensonmarco,)Q8TTyeXT+,99604028
Andrea,Chapman,1996-12-21,928-84-4243,32836 Edward Courts,brandon97@hotmail.com,Montenegro,Horticultural therapist,92643 Jerry Stream,keithjohn,)%HF@3VfQY,93277617
Derrick,Martinez,1997-10-20,932-85-9459,7504 Mccall Fork Apt. 393,kcarpenter@yahoo.com,Benin,Sales executive,8772 Deanna Field Apt. 008,millerpatrick,^8EYPFonky,85372764
Andrew,Torres,1992-04-26,960-88-6589,560 Anderson Lodge Suite 258,audrey20@vincent.com,South Africa,Commercial art gallery manager,669 Daniel Track Suite 848,patriciacollins,)xXyq7Tf$&,46632661
Melissa,Neal,1988-10-09,910-76-3772,0346 Simmons Loop,erikaoconnell@solis-reeves.org,Faroe Islands,Gaffer,1403 Mclaughlin Crossroad Suite 420,hickstravis,!i))58NmNL,09179554
Nathaniel,Clark,1980-01-05,947-86-7982,423 Madison Way Apt. 829,kathleen40@gmail.com,Barbados,Advertising copywriter,2868 Sarah Extension,robinmason,H+NS1GsD3c,84375445
Johnny,Rocha,2003-07-28,916-81-9648,7928 Phelps Mount,joshuajohnson@yahoo.com,Denmark,Freight forwarder,43552 Andrew Wells Suite 754,taylorjuan,_o9HDliR%7,61754058
Ruben,Evans,1998-02-28,981-84-8732,8202 Gallagher Orchard,laura14@hotmail.com,Micronesia,IT consultant,961 Fletcher Inlet Suite 471,schneiderlaura,_Q!(RfMc&3,33522548
Rhonda,Adams,2007-10-01,967-83-8314,1218 Jenny Neck,lspears@matthews-harrison.com,Sweden,Teacher special educational needs,62715 Joseph Haven,tammy70,a(Qr9Gs$)&,63717860
Christina,Campbell,1989-12-28,990-86-9501,3724 Reynolds Cove Apt. 098,brandistewart@hickman.info,Nauru,Farm manager,770 Stacy Harbors Apt. 624,leemercedes,ur_q7nOkL),47428881
Donna,Maldonado,1971-07-18,938-86-4575,772 Julian Squares Suite 941,mlewis@yahoo.com,Serbia,Administrator sports,093 Carla Trafficway,antoniolamb,__&SIoZpG6,23441767
Christina,Meadows,1997-06-07,906-96-5358,1267 Justin Brook,simmonsdonald@hotmail.com,Netherlands,Artist,432 Young Plain,beth60,Y2ZLqrAv_Z,39889034
Alexander,Jones,1982-08-10,989-86-3866,626 Daniel Falls,jjones@coffey-chase.org,Sao Tome and Principe,Agricultural consultant,087 Le Corner Apt. 164,elizabethbecker,2is*AYmB*%,00477765
Sarah,Cox,1972-02-22,999-77-8744,359 Walters Tunnel Suite 391,latoyalawson@gmail.com,Gambia,Industrial/product designer,93981 Rollins Mission,melinda38,I*0&qNf&Xi,94658354
Gregory,Berry,1981-11-08,929-80-0653,98324 Melissa Court,sharon90@gmail.com,Poland,Armed forces technical officer,3067 Billy Camp,gnavarro,M4PD47fq%s,75627485
Douglas,Neal,1996-05-24,971-95-1254,07215 Ryan Loaf Apt. 409,kristen70@watkins-bowen.com,Portugal,Telecommunications researcher,734 Lopez Forges,johnnyjohnson,@ucNM0Shn),86610506
Miguel,Washington,1995-07-03,979-73-7565,358 Vincent Lakes Suite 771,toniclark@williams.com,Bosnia and Herzegovina,Chief Strategy Officer,782 Smith Summit Suite 579,curtisnoble,kAw6Ni$zH$,87825879
Jon,Lee,1984-04-01,954-79-1933,3681 Mark Throughway,cassidyschneider@stevenson-phelps.com,Western Sahara,Surveyor rural practice,61682 Anthony Way,xfisher,KC9Gf$^Cp(,18537925
Joseph,Bonilla,1983-05-11,934-88-8572,87469 Ryan Stravenue,lindsey74@lynch.biz,Paraguay,Best boy,7209 Carr Haven,yjones,(4CIsCP0Ea,97756934
Lucas,Porter,1997-05-01,927-85-8186,9231 Angela Estates Suite 386,christianpark@yahoo.com,Canada,Research scientist (physical sciences),63251 Lester Coves Suite 914,hannahanthony,Y*)0xPht^7,52447877
Danielle,Patel,1971-05-09,967-91-4007,687 Adam Drives,emilyfigueroa@scott-anderson.org,Mauritania,Designer interior/spatial,7714 Bush Expressway,kristinblackwell,%46fKVk!W^,82002947
Robert,Wilkinson,1986-10-06,954-90-4256,356 Andre Club Apt. 287,ucross@yahoo.com,Portugal,Ceramics designer,6050 Bennett Locks,xhayes,^0OhMSZpAG,02448497
John,Bell,1986-07-01,941-85-2261,38191 Kelly Glen,alicia87@henry-lawson.com,Estonia,Early years teacher,9563 Barker Ranch Apt. 051,pstevens,@u2AQHm9vq,02215211
Trevor,Burke,1981-08-30,944-82-3172,06813 Laura Island,greencaitlin@smith-castillo.net,Kiribati,Chartered public finance accountant,640 Erin Villages,rshaw,pIy6GkNmr$,82395773
Justin,Hendricks,1994-01-28,978-91-1188,040 Jacqueline View Suite 016,groberts@hotmail.com,Guam,Recycling officer,5216 Crawford Mountain Apt. 527,edgar16,^gZqMumW2X,04506850
Bonnie,Rose,1974-05-09,901-79-3275,6512 Shannon Springs,markjones@hotmail.com,Armenia,Broadcast engineer,89265 Robin Turnpike Apt. 585,jamesraymond,I!5+6JmgYz,45358234
James,Parker,1980-12-28,947-95-5951,25078 Christopher Plain,mark13@flynn.net,Ukraine,Publishing rights manager,161 Acevedo Loaf Suite 636,kguzman,*9Sy)ye@Ty,59402718
Katherine,Turner,1979-08-20,981-86-8524,136 Sarah Ports Suite 219,hopkinsfelicia@gmail.com,Estonia,IT consultant,50032 Sharon Villages Apt. 445,mfrazier,lNqc5MbW%u,32711851
Charles,Garcia,1981-01-08,980-76-0879,541 Gilbert Parks,brittanybrown@hotmail.com,Malaysia,English as a second language teacher,2378 Hampton Green,brett54,cPIufl5F%4,67917747
Robert,Williams,1999-06-17,962-90-7887,566 Shaffer Turnpike Apt. 466,clarkejared@hotmail.com,Saint Pierre and Miquelon,Location manager,119 Sarah Crossroad Suite 122,cathymartinez,t**8Whi2P*,54693470
Christopher,King,1986-07-28,985-86-3426,524 Kevin Lodge Suite 497,robert71@gmail.com,India,Information systems manager,3257 Ashley Spurs Suite 044,udavis,8!M0Wmf%s3,48839624
Mindy,Dodson,1976-11-03,971-75-7489,59164 Amanda Centers Suite 081,rhines@gmail.com,Mozambique,Veterinary surgeon,4871 Dunn Ferry Suite 431,megan22,kS1Q1POb&E,47781597
Daniel,Brown,1996-06-18,916-95-4782,572 Donovan Mall Suite 771,qmartinez@santos.com,Guyana,Accountant chartered certified,09442 George Plains Apt. 277,alex48,%yEeTQZQg6,88166773
Andrew,Carter,1971-10-28,933-81-9662,651 Valerie Falls,hoffmannicole@hotmail.com,Egypt,Field trials officer,0415 Liu Path,akirby,%qHYJRcM66,06030117
Victoria,Singh,2006-07-06,975-72-1827,0715 Michelle View Apt. 507,salazarbarry@gmail.com,Cambodia,Regulatory affairs officer,9408 Torres Corner,ryanchristensen,iB(6DBAe6z,58074107
Tiffany,Peterson,1995-01-20,915-87-8456,378 Bryant Hill Suite 273,brittanymoses@reid-flowers.org,Japan,Horticulturist commercial,4781 Julia Station Suite 075,prattdana,#5^RWdpC#9,73141686
Keith,Thompson,1972-12-16,936-98-9628,58637 Francisco Union Suite 249,murphyamy@lambert-mcclure.net,Reunion,Media buyer,4780 Jennifer Rest,princebradley,$!2cGD7t$(,25846065
Elizabeth,Mcknight,1972-02-03,939-82-2156,39354 Michelle Expressway,lisawiley@gmail.com,Japan,Prison officer,30507 James Valley,hoffmanwilliam,!m4YwgExu!,54603486
Jessica,Torres,2007-02-20,946-98-8785,81777 Michael Shore,pcompton@roberts.net,United States Virgin Islands,Doctor hospital,24841 Jones Ridge Suite 767,lindamullins,@bqa2rSkg*,59375951
Larry,Luna,1999-12-02,974-82-6152,9305 Wang Fords,uduran@perry.biz,Mayotte,Technical brewer,16291 Chapman Passage,bneal,0k1BCQ4f9@,20225650
Courtney,Mcknight,2000-05-23,971-85-2583,4032 Susan Lake,kpatel@edwards.info,Venezuela,Armed forces operational officer,41157 Donald Lock,garciakathryn,^5JYbjQCFa,08245342
Mark,Massey,1979-03-03,934-90-3347,2704 Carol Fords Suite 685,christopherschwartz@yahoo.com,El Salvador,Printmaker,41328 Tammy Ports,johnphillips,r8NWorkf_X,57026565
Catherine,Hart,1996-04-24,982-91-2259,254 Lisa Groves Suite 895,larrygarrison@yahoo.com,Kuwait,Chartered certified accountant,06031 Bennett Plaza,lisa66,&94u_bwPB1,12902217
Ruben,Johnson,1993-04-09,984-84-3003,9429 Emily Flat,ryan80@yahoo.com,Saint Lucia,Solicitor,627 Ashley Lights,hickslisa,+7S(Abb@g5,13471477
Brian,Nelson,1998-01-26,924-84-6179,478 Parks Mountains,pfrank@hotmail.com,Antarctica (the territory South of 60 deg S),Energy manager,2644 Owens Mountains,amiller,S6BVF$f^_9,45487002
Stephanie,Garcia,2007-12-28,940-82-4747,712 Michelle Drive Suite 182,reedsheila@gmail.com,Vanuatu,Industrial buyer,678 Arnold Circles,laurie09,(c4$QEU*j%,08470041
William,Palmer,2001-10-20,909-94-5440,3669 Reyes Run Suite 798,brooksmeagan@jimenez.com,Congo,Personal assistant,262 Sellers Ferry Apt. 161,james75,$4I1f*WmaM,94945652
Katherine,Reeves,1979-03-05,929-83-4170,018 Briana Path,dianewalker@yahoo.com,Serbia,Chiropractor,6220 Ramos Ways Apt. 725,uharris,u0YmJov5(K,59091356
Angela,Cooper,1994-10-28,968-98-0305,78570 Lopez Path,castanedalori@hotmail.com,Papua New Guinea,Television camera operator,06060 Matthews Islands Apt. 488,fjones,B5d+C5Bp@w,71498959
Monique,Harper,1979-03-15,940-88-5874,8082 Jason Hill,mmiller@schneider.com,Sudan,Office manager,8895 Patton Extensions Suite 672,whitneymiller,hT5fA*lT@7,36192472
Kimberly,Kirk,2000-02-15,999-85-3226,78318 Patrick Village,angela36@gmail.com,Lithuania,Surveyor insurance,05651 Hannah Port Apt. 796,nnorton,+$k5u7Nr1u,88961347
Gregory,Johnson,1995-03-03,953-96-4366,2913 Dean Lodge Apt. 101,russokatie@hotmail.com,Jamaica,Energy engineer,5616 Leonard Vista,leonwilliam,!rMC_6Gk)I,33483429
Joshua,Sharp,1985-12-24,976-74-1888,33621 Meyer Port Suite 147,kmartin@grant-bautista.com,Monaco,Accounting technician,914 Shaw Port Apt. 301,gonzalezjohn,w$i92thP#M,58250594
Marc,Ortiz,1992-03-29,991-98-6216,3668 Seth Orchard,ginarodgers@yahoo.com,Jordan,Designer interior/spatial,2604 Powell Club Suite 451,brittany70,w%0L5HM4ut,12784356
Scott,Goodwin,1975-02-08,991-80-5928,53356 Dunlap Glens Suite 388,morgandavidson@cabrera.com,Nauru,Facilities manager,181 Alyssa Fork,traciwilliams,f^f*0pFh3t,95659831
Douglas,Parks,1972-12-20,905-81-9584,723 Raymond Valley Apt. 129,icollins@webb.biz,Australia,Retail merchandiser,2983 Adrian Oval,trodriguez,3UJ2M4Ll)k,02324241
Maria,Smith,1995-04-08,914-95-7593,245 Gutierrez Spurs Apt. 875,brianwilliams@hotmail.com,Tokelau,Landscape architect,04612 Griffith Haven Suite 924,jason92,$+W1NJcx(G,47914667
Dawn,Watson,1999-09-22,964-88-9800,06142 Johnson Ferry Apt. 106,stevensbrenda@gmail.com,Djibouti,Therapist sports,0947 Regina Circle,raymond97,&3IZAX6Eso,95071848
Nicholas,Watson,1985-07-28,923-78-2427,278 Nelson Mills Suite 744,schultzdeborah@gmail.com,Lao People's Democratic Republic,Surveyor quantity,57911 Maurice Canyon,ashleywoods,&Gs4IIexN1,88773872
Alexandra,Ramirez,1985-02-26,986-80-6453,13036 Michaela Bypass,brandon69@gmail.com,Georgia,Aid worker,4070 Williams Wall Suite 086,xpace,a_J3)!Ck#E,37839017
Jason,Trevino,1983-07-27,934-94-4383,74561 Vanessa Well Apt. 515,faulknerleonard@rasmussen-gonzalez.org,Barbados,Equality and diversity officer,039 Hernandez Fork,jamiemcdonald,&u(2+bR)P2,50897995
Kara,Smith,1999-01-27,903-91-9346,19590 Martin Island,diane99@hotmail.com,Korea,Production assistant television,4292 Mendez Drives Apt. 391,gailedwards,*rKzeIvj32,64597034
Grant,Ferguson,2000-01-28,979-88-5700,16419 Harper Motorway,davisalexandria@downs.com,Czech Republic,Mudlogger,39152 Anthony Skyway Apt. 458,richardho,_4f9IM(p^$,10700594
Ashley,Lewis,1979-08-10,965-76-4968,47948 Hill Highway,ramseysandra@hotmail.com,Jersey,Pathologist,7793 Hansen Skyway Suite 777,robertsonrobert,X$!8DUj4s(,51601201
Sierra,Acosta,1995-11-21,914-87-8805,1050 Lauren Spurs Suite 527,osanders@hotmail.com,Taiwan,IT sales professional,70796 Aaron Village,estradakathy,Ss)qRcwV%1,69084591
Elaine,Huerta,1973-03-10,935-73-3601,47680 Rebecca Ford,nguyendawn@hotmail.com,Norway,Customer service manager,73557 John Terrace,zwebb,*G3KdXa0(W,67861835
Felicia,Welch,1997-12-13,949-82-3196,236 Richard Ridge,skinnerlisa@yahoo.com,Ukraine,Technical author,537 Young Curve,anthony48,(%8O*UWyb*,62776950
Zachary,Grimes,1971-02-28,906-70-6668,979 Joseph Square Suite 273,timothy13@gmail.com,Saint Helena,Archivist,9609 Sullivan Mount,tanyamorgan,(xMER5zk1V,34152874
David,Mcintyre,2008-11-14,979-79-5748,85308 Riley Club,ashley75@yahoo.com,French Polynesia,Mechanical engineer,05424 Jerry Junctions Suite 018,williamsjason,cS2KQFNl#v,55217941
Jenna,Johnson,2006-12-07,926-76-3755,49733 Stokes Creek,harriskenneth@martinez-webb.info,Togo,Conference centre manager,0476 Kirby Brooks,kimberlyrobertson,q5XdSdgI+^,76745881
James,Turner,1984-08-27,998-92-6280,98278 Michelle Port Apt. 184,greencrystal@hotmail.com,Kiribati,Gaffer,84442 Collins Flats Apt. 214,katieaguilar,^&pmf6Hy9K,41214466
William,Roberts,2006-01-21,951-88-7375,891 Hunt Stravenue Apt. 429,lauren11@yahoo.com,Central African Republic,Teacher adult education,463 Moody Canyon Suite 510,thompsonbrittany,w#4YUoXEzN,24060141
Diane,Reed,1980-09-10,906-87-4426,8962 Laurie Rapids Apt. 267,chelsea66@hernandez.org,Tunisia,Health and safety inspector,2314 Susan Dale Suite 725,kylieballard,TfO+82Omi&,29216741
David,Hammond,1992-01-03,989-83-1970,61136 Nancy Causeway,jenny47@smith.com,Trinidad and Tobago,Financial trader,6650 Joseph Lights,nicholasgarrison,(d3HtLbgnc,07316401
Walter,Gonzalez,1977-03-19,957-98-1463,000 Park Underpass,michaelcrosby@gmail.com,Panama,Osteopath,54812 Wanda Shores,michael12,O5!YLX%K+i,28005766
Laura,Riley,1991-01-18,991-85-2269,575 Rollins Dale Apt. 533,adamcarr@ramirez.com,Finland,Trade union research officer,66157 Megan Meadows Suite 294,christopher87,O95hU!vA^o,07094354
Tiffany,Powell,1973-05-15,985-95-7294,412 Susan Stravenue,warrenbowers@sanchez.net,Paraguay,Freight forwarder,53774 Kelsey Prairie,reynoldsangela,25&$^Fa_*X,32717990
Amanda,Escobar,1979-06-13,962-88-3972,74647 Armstrong Fork Suite 572,mikelopez@hotmail.com,Kuwait,Music tutor,8971 Mcdonald Crossroad,debraburke,&TXQ6Qqu8S,84826381
Teresa,Martinez,2004-11-06,948-72-7572,64900 Kathy Streets,nashclinton@gmail.com,Bouvet Island (Bouvetoya),Airline pilot,49017 Jill Isle,gonzalezallison,u2NlUjJ8&),31603430
Howard,Mosley,1983-08-22,994-80-8763,930 Roberts Divide Apt. 062,ktorres@ellis.com,Nicaragua,Insurance claims handler,593 Adrienne Island,lhawkins,)vVSWDule9,39048486
Marissa,Torres,1985-07-23,955-96-3367,73553 Caleb Pike Apt. 135,melissa15@yahoo.com,Papua New Guinea,Buyer retail,4349 Leonard Unions Suite 349,jennifer53,)a6F@khY#p,15162755
Jocelyn,Turner,1991-04-21,992-97-6198,405 Monica Bypass,pluna@gmail.com,Greenland,Surveyor planning and development,740 Torres Forges Apt. 391,rwhite,*TsEJJWo!8,05119806
Timothy,Wilkinson,1974-10-17,903-94-8236,78839 Melissa Union Suite 869,oadams@gmail.com,Kuwait,Doctor hospital,4302 Teresa Courts,kennethbrown,f2EVZbuV+R,85266452
Brenda,Jennings,1988-12-26,956-77-1170,661 Morrow Causeway Apt. 965,marcus99@hotmail.com,Mexico,Make,5276 Joshua Manors,abates,I91Il3!5^u,61055124
Taylor,Torres,1982-07-19,933-86-9047,982 Mary Common,james17@mcdonald.com,Cambodia,Designer jewellery,4343 Hill Street Suite 401,randy65,D8zexXzv)a,01091519
Sydney,Drake,1971-08-11,912-91-8204,33370 Rowe Crest Suite 475,michael15@yahoo.com,Philippines,Chartered management accountant,395 Lori Square Apt. 146,mwarren,ndHJm)Wz&1,07665332
Christopher,Green,1983-07-18,963-87-4520,164 Tammy Green Suite 648,johnnavarro@gmail.com,Turks and Caicos Islands,Graphic designer,54312 Colton Meadows Apt. 438,bprince,*R$nDBXvH0,61599307
Adrian,Torres,2002-02-20,906-76-1481,50657 Michael Brooks,petersondavid@jones.com,Isle of Man,Teacher special educational needs,5176 Brittany Knoll,dawn56,sqQoForC+0,35226550
Jesse,Meyer,1981-02-28,927-77-6969,236 Buchanan Views,sharilevine@gmail.com,Suriname,Chemist analytical,3705 Tyrone Crossing Apt. 680,pamelaaustin,IIB_9z(2$2,98146215
Kayla,Cook,1972-09-23,940-79-6175,6092 Benjamin Fort Suite 876,ataylor@reed.com,Slovenia,Fast food restaurant manager,73850 Stewart Trafficway,blackamy,3a+86R*v9Q,87516425
Justin,Williams,2009-03-26,935-84-3232,16776 Kristopher Rapids Apt. 394,monicalopez@hotmail.com,Lao People's Democratic Republic,Food technologist,552 Ryan Cape,lindajones,qxn5ISm1&7,65292280
Crystal,Miller,2005-04-26,988-79-5879,10557 Hannah Stream,ramosdanielle@yahoo.com,Congo,Environmental education officer,3309 Teresa Spring,cmontgomery,L#z3Bxi&cX,11345916
Shawna,Nguyen,1988-09-16,963-87-6735,714 Smith Ridge,dylan74@hicks-sanchez.info,French Polynesia,Planning and development surveyor,983 Prince Turnpike Apt. 859,kristina94,z7LLq4ZnP@,68819224
Morgan,Long,1994-01-28,906-73-7023,6855 Stephens Circles,john34@bowers.info,Romania,Sales promotion account executive,88641 Benjamin Ports,hmason,V!8amLQmkx,28565727
Michael,Jones,2004-09-22,988-82-2851,070 Jennifer Way,victoria13@sims.com,Oman,Merchandiser retail,685 Jones Corners,michael12,LzXYh1Vh!7,39952462
Cheryl,Brown,1987-06-18,940-95-1383,602 James Parks Suite 194,nreed@yahoo.com,Ukraine,Scientist research (physical sciences),44224 Rebecca Summit Suite 476,lisashepherd,6wPWfXq&#y,88055640
Jason,Bruce,1997-01-12,968-87-3773,03710 Melissa Lock Suite 315,laurenbarron@smith-rhodes.com,Congo,Therapist sports,08443 James Springs,esmith,mFxs5VGk&O,11061915
Jaime,Thompson,1978-07-24,961-77-8005,0558 Robert Run Suite 666,blackwellkelly@yahoo.com,Western Sahara,Psychotherapist,610 Matthew Keys Apt. 188,dunnemily,$$pKnFVi4r,81515349
Ryan,Sanders,1984-05-06,974-87-8269,71382 Anthony Square Suite 096,colleen46@wood-rodgers.com,Kiribati,Engineer electrical,36159 Butler Pass,cameronhudson,#H4Cdq*e#h,59618607
Christina,Gamble,1992-06-05,971-99-4875,06442 Anderson Station Apt. 956,cmann@jacobs.com,South Georgia and the South Sandwich Islands,Hydrographic surveyor,1572 King Fords Apt. 434,ecrosby,7_2GiSbX6Q,06554354
Jeffrey,Lowe,1992-09-29,987-76-5155,2297 Justin Ford,wigginsjennifer@hotmail.com,Timor-Leste,Teacher adult education,8564 Jones Fords,gabrielle63,0G1(LQZh^n,71006833
Luke,Cooper,1972-03-02,933-88-1287,4516 Hughes Corner Suite 825,holmeslauren@gmail.com,Guernsey,Private music teacher,96557 Hardy Unions Suite 487,crubio,q%@4S%^k!a,01329674
Melissa,Powell,2000-02-29,969-82-4475,966 Patterson Dale,kinganthony@gmail.com,Saint Martin,Special effects artist,2478 Anthony Forks Apt. 201,jessekhan,(*1ICgum3l,15873484
Joshua,Durham,1971-02-03,946-83-5240,240 Carroll Port Apt. 089,gallaghersabrina@harper-dean.org,Peru,Human resources officer,499 Grimes Path Suite 508,jordananthony,H9o!RdZb#k,20376413
Jessica,Miller,1974-09-24,929-84-5409,848 Sanchez Lights Apt. 314,lindastewart@gmail.com,Kiribati,Sales executive,58951 Myers Estates Suite 241,scott87,r0khBIVr#P,19583457
Nicole,Diaz,2008-07-12,978-77-7869,0379 Andrea Mountain,randylopez@thompson.com,Bahrain,Associate Professor,54349 Mccoy Drive Suite 905,alvarezadrian,K6IR#GeP%a,89660256
David,Morton,1995-01-31,936-78-7343,10638 Richard Passage,orussell@hotmail.com,Taiwan,Administrator Civil Service,6308 Hill Shoal,ejones,Z^D65OEeIB,92638419
Katherine,Lutz,1980-08-31,931-72-5102,875 Michelle Fields Apt. 923,milesgreg@huber-merritt.com,Guernsey,Lecturer further education,29363 Claudia Tunnel Suite 301,thoffman,#&9QT^sj_s,55556194
Anthony,Clay,1973-01-24,993-96-1778,31457 Ryan Dam Apt. 969,calhounkelly@yahoo.com,Mongolia,Estate agent,4555 Terrance Grove,scottjoshua,tO%2!JQk%#,18116601
Jason,Torres,2008-12-01,954-77-8664,3783 Smith Burg,phodge@gmail.com,Seychelles,Engineer drilling,16917 Johnson Mount,carriewilson,!)2L1b*xj3,82089023
Sarah,Noble,1992-09-18,974-82-8362,7971 Orozco Harbors Apt. 840,alozano@kim-ellis.com,Macedonia,Surveyor planning and development,27167 Taylor Alley Apt. 992,michael22,OlL8RDoS(Y,57722542
Robert,Barnes,1978-08-08,941-87-9880,0018 Carlos Gateway Suite 883,danielleroberson@yahoo.com,Switzerland,Science writer,007 Williams Wall Apt. 237,woodsjoe,C2n9Rp@r!n,06692391
Nicholas,Cook,1985-01-08,995-73-3122,924 Grant Terrace Apt. 141,bellkevin@hotmail.com,Reunion,Herpetologist,7903 Kristie Plaza Apt. 540,kyle37,(345C^Ym8W,02224695
Jennifer,Moody,1970-04-29,928-86-9738,55556 Alisha Mission Suite 480,wphillips@gmail.com,Puerto Rico,Teacher English as a foreign language,4975 Jonathan Extensions,wardmary,L+5%SYnh*c,22569622
Amy,Ellis,1974-01-31,967-94-1339,1858 Long Stravenue Apt. 219,jameshartman@gmail.com,Tokelau,Media buyer,81211 Meyer Vista Apt. 176,phillipsmichael,8MhPgxBl)7,10851678
Daniel,Sanchez,1979-05-31,900-86-0424,222 Aaron Camp,qgreen@simpson.com,Armenia,Chiropractor,1585 Brandon Cliff Suite 745,mshaw,om5XcPiOv%,15165350
Eric,Thompson,2006-10-13,996-81-7501,9601 Navarro Square Suite 113,tiffany76@jones-white.com,Iceland,Naval architect,627 Phillips Fork,donnareyes,*Sq5ZnqXnw,73908050
Daniel,Caldwell,1999-12-13,968-77-3290,9648 Sara Prairie,nathan56@hall.net,Saint Vincent and the Grenadines,Theatre stage manager,4096 Dylan Ranch Suite 629,jefferybrewer,%1Vnc#zP0J,93593885
Jeremiah,Dalton,1977-12-06,990-81-0611,640 Carey Motorway,lindseywilliams@adams.net,Tuvalu,Banker,56412 Barker Bridge,benjaminfarmer,p#7XM_p7ih,97394303
Kyle,Lawson,1992-02-28,913-70-8339,18861 Andrew Port,brendamccarty@yahoo.com,Suriname,Music therapist,2518 Espinoza Harbors Apt. 554,evanskimberly,o3Hk8^n#*f,24871112
Phillip,Williams,1988-06-22,976-98-6841,0187 Steven Junctions,aprice@hotmail.com,Finland,Nurse children's,122 Susan Knoll Apt. 254,yanthony,+Af#uFSa7b,77799111
Matthew,Lopez,1993-11-06,980-84-7581,82390 Jackson Square Suite 463,currylaurie@gmail.com,French Guiana,Engineer materials,04605 Thomas Cliff,johnsonlauren,ln9gb3QtB*,44612955
Angela,Mills,1989-05-17,973-92-4687,44622 Tracy Port,jacquelinedavis@yahoo.com,Namibia,Telecommunications researcher,3945 Knight Harbor Suite 020,geoffrey95,%lBluRbt(8,98379408
Dale,Cole,2001-02-06,957-75-3343,15377 Owens Track,flemingjessica@nguyen.com,Tonga,Engineer civil (consulting),38779 Cory Parkway,mary09,@0bGf%5_E0,12212019
Stephanie,Butler,1985-02-21,903-98-9281,7356 Reed Well,robertwalker@gmail.com,Grenada,Embryologist clinical,5600 Khan Wall,jordan19,Fc!09M+b)_,82144272
Gina,Smith,2002-05-27,965-79-2355,54891 Richard Hills Apt. 366,uhall@yahoo.com,Moldova,Engineering geologist,24450 Delacruz Turnpike Apt. 023,rushjohn,&vWFZsVqS2,79448369
Alex,Washington,1970-04-24,954-87-0148,7530 Amy Court Apt. 552,alicia72@gmail.com,Syrian Arab Republic,Financial risk analyst,38257 Megan Point Apt. 637,nanderson,+2Lx4rcn47,59214960
Jo,Stewart,1999-03-23,988-90-0962,368 Barker Glen,robert49@valdez.org,Netherlands,Psychotherapist dance movement,79399 Warren Circles Suite 192,cindyrowe,*Rfl7^QlJ5,62703628
Veronica,Hill,1996-03-29,979-97-8755,461 Angela Square Suite 951,wlandry@yahoo.com,Thailand,Drilling engineer,203 Smith Extension Apt. 832,jeremyayers,_P6lJsx5TX,50976676
Crystal,Smith,1998-06-17,993-99-7538,49720 Barbara Cove,williamalvarado@goodwin.info,Tunisia,Buyer industrial,75717 Diana Tunnel Apt. 080,caleb40,xf6zioSw_m,03020418
Scott,Anderson,1977-02-07,961-75-6149,1266 Wilson River,qortega@yahoo.com,Saint Kitts and Nevis,Ophthalmologist,313 Faulkner Drive,oconnorfaith,3AEdfNpi#A,43444120
Shelley,Haas,2003-05-31,955-77-4438,686 Mckay Row,mark90@wagner-peterson.com,Madagascar,Engineer building services,9376 Liu Junction Apt. 756,caitlyn15,l_Pt8SjmLx,69905360
Victoria,Rocha,2000-01-30,919-95-6861,598 Chavez Square Apt. 931,lindseygibson@hunt-lewis.org,Denmark,Insurance broker,5962 Green Plaza,richard25,90IRSiW9(q,37876272
Tyler,Hernandez,1993-05-12,949-96-1363,2676 Christopher Center,debbieanderson@wong-coleman.com,Cayman Islands,Scientific laboratory technician,886 Lawson Mountains Suite 710,mgibson,+z5G(pl1$(,77721570
Shaun,Wilson,1987-10-23,922-77-7763,6661 Douglas Cove,markselaine@diaz-green.com,Estonia,Press sub,34032 Alicia Islands,cody55,&5AlF3BJ9v,11166436
Vicki,Berry,1978-01-18,976-94-9139,524 Coleman Courts,fletchersamantha@hardy-cooper.com,Mongolia,Solicitor,23062 Gonzalez Stream Apt. 585,chasewilliams,#8A5ez$dl8,29071081
Billy,Jacobs,1972-02-03,913-79-1951,13845 Teresa Ports Suite 958,kcarr@martinez.biz,Malaysia,Community pharmacist,98987 Bishop Springs,jennifer28,XYG7AikHa+,12007851
Patricia,Bender,1998-12-18,942-84-2300,26678 Jeffrey Lane Apt. 202,millerjay@rodriguez-lane.com,Sudan,Advertising account planner,754 Palmer Extensions Apt. 950,dwilliams,A5V1w@3g$8,92821347
Daniel,Roberts,2007-11-02,906-79-9564,2873 Garcia Pines,lewisrobert@yahoo.com,Azerbaijan,Patent examiner,24338 Williams Springs Suite 427,delacruzjames,6ErN7tk*8@,06026981
Denise,Thomas,1989-09-15,935-85-5877,80497 Ashley Brook,bhall@thompson.com,Japan,Ecologist,840 Laura Prairie Suite 368,ambergreen,&2Y%Zhnmri,38502873
Ashley,Hamilton,1980-04-13,998-98-1807,515 Alexander Squares Suite 505,perkinspatrick@jimenez-martin.com,Monaco,Call centre manager,785 Robert Ports,kserrano,Aq7k#vNaV*,19557267
Kevin,Crawford,2006-07-03,961-99-4506,2240 Davis Shores Suite 788,grayjohn@yahoo.com,New Zealand,Art therapist,422 Stephens Drives Suite 824,nelsonjoe,f3DlVQxv)L,06465162
Rebecca,Fuller,1990-11-25,906-79-9396,2062 Walker Locks,bshields@medina.com,El Salvador,Senior tax professional/tax inspector,7766 Chavez Trail,andrewparker,7MLsiii^@P,90613920
Mark,Preston,1993-04-29,906-96-7366,08437 Christopher Station,alexis41@fowler.com,Iran,Exhibitions officer museum/gallery,88318 Skinner Station Suite 929,philipwolf,S)wW+COa+8,52100772
Jimmy,Ortega,1984-01-29,970-98-8157,5214 Brittney Lane,nicholas42@ramos.com,Australia,Dietitian,4532 Alexis Hill,ohahn,w2v^M*Tu(4,33950426
Bonnie,Dunlap,2004-07-21,961-83-5208,87696 Ford Ramp,jmiddleton@yahoo.com,Mali,Planning and development surveyor,44083 Pearson Island,andrea22,(&9Epeo@Cy,02570747
Jonathon,Peters,1970-06-19,929-77-1023,311 Barker Manor Apt. 003,smithryan@gmail.com,Liberia,Chartered certified accountant,8820 Alexander Crossing Apt. 073,cookashley,yXRXatxx$3,65120675
Edward,Marquez,2009-04-12,978-90-5732,52276 Deanna Plaza,whenry@gmail.com,Indonesia,Electronics engineer,267 Anderson Centers Apt. 864,vgomez,fAz5RQc%!%,63440713
Megan,Tyler,1987-01-19,927-94-9813,9156 Ellis Rapid Suite 090,david21@yahoo.com,Brunei Darussalam,Holiday representative,77610 Robles Inlet,hamiltonryan,tG1SXDgl*L,03754818
Dustin,Richardson,1992-06-26,931-73-6068,21983 Dana Squares,mwebb@sparks.net,United States of America,Financial adviser,373 Alexander Pass,hpham,81J9eMBe)E,62862479
Ashley,Reyes,2002-04-10,975-96-7372,482 Smith Underpass,kylemartinez@gill.com,Grenada,Engineer aeronautical,243 Williams Walk,samanthamartin,$Kf7HM3gA%,71858425
Derek,Arnold,1977-01-24,950-92-8668,450 Autumn Trace,shepardgeorge@hotmail.com,Antarctica (the territory South of 60 deg S),Community education officer,6872 Dillon Run,christopher87,WX3Uz0%q+X,66561774
Danielle,Johnston,2002-04-29,953-71-3524,07913 Flores Circle,xmcclain@gmail.com,Poland,Petroleum engineer,01138 George Mountains,jeremycurtis,%XAEpT$j21,48522687
Travis,Webb,1973-05-09,903-84-7029,827 Rachel Estates,gaildaniels@randolph.info,Christmas Island,Air cabin crew,4447 Velasquez Burgs Suite 475,charlesdunn,&7s8NTy*)$,20028077
Jacob,West,1986-09-29,953-98-1828,805 Davis Walk,david34@weaver.com,Uruguay,Risk manager,03219 Robertson Stravenue,erinmercado,jI+3FMcm!(,72126585
Dwayne,Mack,1989-07-08,932-96-6776,927 Johnson Estate Apt. 482,xgonzales@hotmail.com,Holy See (Vatican City State),Lobbyist,26884 Garza Lodge,youngphillip,)n9WBaFPFQ,41125175
Jason,Young,1994-05-12,962-91-7510,75630 Hickman Ramp Apt. 740,alan43@hotmail.com,Congo,Magazine features editor,490 Catherine Corners Apt. 276,ewade,*33eKNdId8,64787909
Roy,Cook,1992-12-09,972-99-8901,8069 William Pine,angelhenson@gmail.com,Ireland,Herpetologist,2558 Adam Shoals Suite 712,mochoa,(77EHEo0$),76361173
Jamie,Henry,1983-10-07,990-95-2750,28671 Brooks Estate,megan80@yahoo.com,Bolivia,Civil engineer contracting,70841 Kimberly Lodge Apt. 590,gknight,)U1)PNTn_P,42751342
Brittany,Flynn,2004-11-21,932-98-4897,7035 Danielle Wall,theresabrown@lopez.com,Seychelles,Cabin crew,41014 William Motorway,barbara07,(hTimmcM18,32089516
Jennifer,Lewis,1995-12-31,990-73-8092,8477 Megan Drive,zachary83@brown.com,Honduras,Writer,97994 Rebecca Mills,yflynn,db8vfPwme_,66985303
Jessica,Miller,1977-10-25,946-96-9288,5168 Christopher Vista Suite 390,zmorgan@sheppard.com,Aruba,Financial adviser,847 James Square,wchapman,R#O0v6Pr#^,68469191
Bethany,Little,1984-08-03,979-77-8855,90199 Kimberly Way,buchananashley@gmail.com,Guinea-Bissau,Sound technician broadcasting/film/video,393 Tyrone Shoal Suite 163,dgarner,W3%6Lb*QvW,68644505
Michael,Evans,1995-04-24,925-78-0071,99813 Rachael Viaduct,ubullock@campbell.com,Trinidad and Tobago,Neurosurgeon,642 Aaron Meadows,jenniferguerrero,HKHl!18dl&,82013448
Tina,Shah,1977-11-20,931-94-4318,4823 Mary Crescent,powelljulie@ross.biz,Saint Barthelemy,Doctor general practice,7357 Schmidt Ways Apt. 636,ericwilliams,F0(CK(fn(y,62906319
Noah,Bradley,1972-12-07,912-71-2005,6384 Coleman Throughway,michelleperkins@yahoo.com,Faroe Islands,Science writer,38326 Richard Island,vcox,zA%7VPIfw%,16976115
Kristin,York,1970-08-24,960-71-2166,83250 Wanda Hill Suite 754,bishopnicholas@harper-mccarthy.info,Guam,Education administrator,5790 Wilson Estate Suite 670,jennifer98,@jIPW#e$+7,92470286
Frederick,Williams,1989-04-28,945-76-1298,870 Lisa Center,xvazquez@aguilar.com,Grenada,Web designer,91716 Amber Keys Suite 632,james60,(4MzNtDUL5,21681875
Zachary,Freeman,1975-12-09,982-96-0732,19395 Hale Fork Suite 954,daniel72@garcia.net,Congo,Sales professional IT,71784 Nancy Forks Suite 084,taylorheather,7)Bzvb%I*p,45853210
Jason,Elliott,2001-02-13,980-88-5605,1532 Brady Village,xsalazar@gmail.com,Malta,Interpreter,597 Stephens Mission Apt. 708,christopherthomas,%19Ly_(d$A,68708962
Alyssa,Hayes,2002-06-25,975-85-2444,29244 Price Cape,cohenmelissa@woodard.biz,Netherlands,Engineer site,94072 Clark Row Suite 444,john59,S0#L25Bn^0,57593036
Jamie,Williams,1976-04-23,905-78-7061,5428 Williams Walk Suite 428,kirkkristine@johnson.org,San Marino,Financial planner,641 Johnson Cliff,vanessagarcia,j)jk0Sir&X,75295868
Michael,Howell,1985-04-26,908-80-7063,94839 James Crossroad,burnettlauren@hotmail.com,Djibouti,Dancer,755 English Alley,castromichelle,8pZ9k&8g%S,91114716
Troy,Reid,1981-05-20,926-97-3356,222 Victoria Expressway,cowens@hotmail.com,Macedonia,Patent examiner,60732 Navarro Pass,paulzimmerman,&rKuG_KVz2,06983215
Tammy,Banks,2004-07-14,930-77-2518,551 James Dam Suite 107,faulknerhailey@hogan.com,United States of America,Administrator Civil Service,33834 Owens Crest Apt. 525,paul29,8ANE32Xb##,08514028
Christina,Brown,1986-06-19,934-80-1648,160 Alyssa Isle Suite 141,tracy36@hotmail.com,Congo,Veterinary surgeon,2220 Lamb Streets Suite 967,kelly18,NxgSanaf#1,75960810
